"Merchant_Product_Number","EAN_Code","Product_Name","Manufacturer","brand","Beer style","Price","Price_old","Currency","DeepLink_URL","Image_Small_URL","Image_Large_URL","Merchant_Product_Category","Product_Description_Long","Shipping","availability"
"Bierbroeders-3.33_1","7432230666696","Bierbroeders #3","Brouwerij Bierbroeders","Bierbroeders","Blond Bier","3.14","0.00","EUR","https://www.beerwulf.com/nl-be/p/bieren/bierbroeders-3.33","https://www.beerwulf.com/globalassets/bierbroeders-3.33_1_1.png?w=100&h=100","https://www.beerwulf.com/globalassets/bierbroeders-3.33_1_1.png?w=400&h=400","414","Kleur is goudkleurig tot amber. Schuimkraag is vol en stevig. Moutige smaak met spicy elementen dankzij het gebruik van vlierbessen en roze peper.","26,85","true"
"Brouwerij-t-IJ-Flinck.33_1","8717545260289","Brouwerij 't IJ Flink","Brouwerij 't IJ","Brouwerij 't ij","Pale Ale","2.59","0.00","EUR","https://www.beerwulf.com/nl-be/p/bieren/brouwerij-t-ij-flink.33","https://www.beerwulf.com/globalassets/brouwerij-t-ij-flinck.33_1_1.png?w=100&h=100","https://www.beerwulf.com/globalassets/brouwerij-t-ij-flinck.33_1_1.png?w=400&h=400","414","Goudgeel bier, heel licht mistig, stevige witte schuimkraag. Neus zit vol citrusfruit en kruidenaroma’s. Dit is een krachtig en smaakvol bier met slechts 4,7% alcohol.","26,85","true"
"Affligem-Tripel.3_1","5411098730314","Affligem Tripel","Affligem Brouwerij","Affligem","Tripel Bier","1.79","0.00","EUR","https://www.beerwulf.com/nl-be/p/bieren/affligem-tripel.3","https://www.beerwulf.com/globalassets/affligem-tripel.3_1_02.png?w=100&h=100","https://www.beerwulf.com/globalassets/affligem-tripel.3_1_02.png?w=400&h=400","414","Amber, goudgoudkleurig, helder, met een grote standvastige witte schuimkraag. Fruitige zoet aroma's bepalen het gezicht van de koning der abdijbieren. Deze Tripel heeft een stevige body en toch een frisse smaak.","26,85","true"
"Brand-IPA.3_1","0000087232363","Brand IPA","Brand Bierbrouwerij","Brand","IPA","1.79","0.00","EUR","https://www.beerwulf.com/nl-be/p/bieren/brand-ipa.3","https://www.beerwulf.com/globalassets/brand-ipa.3_1_1.png?w=100&h=100","https://www.beerwulf.com/globalassets/brand-ipa.3_1_1.png?w=400&h=400","414","Het bier van Jeroen Free, winnaar van de Brand Bierbrouwwedstr?d 2014. Kenmerkt zich door een fruitige, citrusachtige smaak met een zacht bittere afdronk.","26,85","true"
"De-Molen-Op--Top.33_1","8717624421020","De Molen Op & Top","Brouwerij De Molen","De molen","Pale Ale","2.33","0.00","EUR","https://www.beerwulf.com/nl-be/p/bieren/de-molen-op--top.33","https://www.beerwulf.com/globalassets/de-molen-op--top.33_1_0.png?w=100&h=100","https://www.beerwulf.com/globalassets/de-molen-op--top.33_1_0.png?w=400&h=400","414","Oranje tot amberkleurig bier, nagenoeg helder met een gekleurde schuimkraag. Dit bittere smaakvolle bier heeft slechts 4,5% alcohol. Aroma’s van kruidige hop, citrusfruit en mout.","26,85","true"
"Brand-Weizen.3_1","0000087232165","Brand Weizen","Brand Bierbrouwerij","Brand","Weizenbier","1.34","0.00","EUR","https://www.beerwulf.com/nl-be/p/bieren/brand-weizen.3","https://www.beerwulf.com/globalassets/brand-weizen.3_1_1.png?w=100&h=100","https://www.beerwulf.com/globalassets/brand-weizen.3_1_1.png?w=400&h=400","414","Goudkleurig, licht mistig, met een prachtige plakkerige schuimkraag. Rijp fruit, zoals banaan en abrikoos, maken hier de dienst uit. De nasmaak is heel zacht, een beetje fris en vooral rond.","26,85","true"
"St.-Bernardus-Tripel.33_1","0000054079038","St. Bernardus Tripel","St. Bernardus Brouwerij","St bernardus","Tripel Bier","2.89","0.00","EUR","https://www.beerwulf.com/nl-be/p/bieren/st.-bernardus-tripel.33","https://www.beerwulf.com/globalassets/st.-bernardus-tripel.33_1_1.png?w=100&h=100","https://www.beerwulf.com/globalassets/st.-bernardus-tripel.33_1_1.png?w=400&h=400","414","Erkend abdijbier, sterk aromatische tripel met fruit en florale geuren. Zoete aroma’s uit de mout  geven dit bier een heel zacht karakter. Lichte bitterheid geeft nog meer diepte aan dit complexe bier.","26,85","true"
"Westmalle-Tripel.33_1","5412343201337","Westmalle Tripel","Brouwerij Westmalle","Westmalle","Tripel Bier","2.59","0.00","EUR","https://www.beerwulf.com/nl-be/p/bieren/westmalle-tripel.33","https://www.beerwulf.com/globalassets/westmalle-tripel.33_1_1.png?w=100&h=100","https://www.beerwulf.com/globalassets/westmalle-tripel.33_1_1.png?w=400&h=400","414","De Westmalle Tripel wordt ook wel de moeder aller tripels genoemd. Deze complexe, goudkleurige en licht troebele Trappist combineert flinke fruit aroma's met een aangename kruidigheid. Hinten van rijpe banaan en kruiden maken de smaakbeleving van een van de beste Tripels helemaal af.","26,85","true"
"Leffe-Bruin-Dubbel.3_1","0000054018037","Leffe Bruin","Brouwerij Artois","Leffe","Dubbel Bier","2.33","0.00","EUR","https://www.beerwulf.com/nl-be/p/bieren/leffe-bruin-dubbel.3","https://www.beerwulf.com/globalassets/leffe-bruin-dubbel.3_1_1.png?w=100&h=100","https://www.beerwulf.com/globalassets/leffe-bruin-dubbel.3_1_1.png?w=400&h=400","414","Roodbruin abdijbier met een stevige crème-kleurige schuimkraag. Gebrande mout, karamel, toast geven deze Dubbel samen met een zachte bitterheid een gezicht.","26,85","true"
"Rochefort-8.33_1","5412858000081","Rochefort 8'","Brouwerij Rochefort","Rochefort","Quadrupel","2.89","0.00","EUR","https://www.beerwulf.com/nl-be/p/bieren/rochefort-8.33","https://www.beerwulf.com/globalassets/rochefort-8.33_1_1.png?w=100&h=100","https://www.beerwulf.com/globalassets/rochefort-8.33_1_1.png?w=400&h=400","414","De Rochefort 8, of « La Spéciale », is het recentste van de drie bieren. Het bier is wilder van kleur, smaakt scherper door en is nog fruitiger (een vleugje vijgen ?) en iets droger en kruidiger, zoals een cake, voor een evenwichtige afdrink. Het alcoholgehalte bedraagt 9.2%.","26,85","true"
"Kompaan-Kameraad.33_1","8718868044020","Kompaan Kameraad","Brouwerij Kompaan","Kompaan","Pilsner & Hoppy Lager","2.49","0.00","EUR","https://www.beerwulf.com/nl-be/p/bieren/kompaan-kameraad.33","https://www.beerwulf.com/globalassets/kompaan-kameraad.33_1_1.png?w=100&h=100","https://www.beerwulf.com/globalassets/kompaan-kameraad.33_1_1.png?w=400&h=400","414","Bleekgeel, licht mistig bier met een fijne witte schuimkraag. Dit mooi gehopte bier heeft een delicate bitterheid en aroma’s van gras en van fris citrusfruit. Deze dorstlesser heeft een aangenaam, medium lange, bittere afdronk.","26,85","true"
"Two-Chefs-Brewing-Green-Bullet-IPA.33_1","8717953213617","Two Chefs Brewing Green Bullet IPA","Two Chefs Brewing","Two chefs brewing","IPA","2.39","0.00","EUR","https://www.beerwulf.com/nl-be/p/bieren/two-chefs-brewing-green-bullet-ipa.33","https://www.beerwulf.com/globalassets/two-chefs-brewing-green-bullet-ipa.33_1_1.png?w=100&h=100","https://www.beerwulf.com/globalassets/two-chefs-brewing-green-bullet-ipa.33_1_1.png?w=400&h=400","414","Oranjekleurig met een stabiele witte schuimkraag. Veel tropisch en citrusfruit in de neus. Florale, kruidige bittere afdronk.","26,85","true"
"La-Chouffe-Soleil.33_1","5410769400068","Chouffe Soleil","Brasserie d'Achouffe","La chouffe","Blond Bier","2.49","0.00","EUR","https://www.beerwulf.com/nl-be/p/bieren/la-chouffe-soleil.33","https://www.beerwulf.com/globalassets/la-chouffe-soleil.33_1_1.png?w=100&h=100","https://www.beerwulf.com/globalassets/la-chouffe-soleil.33_1_1.png?w=400&h=400","414","Bleekgeel, mistig met een zeer royale witte schuimkraag. Citroen, limoen en een peperachtige spicyness maken dit bier zeer verfrissend en makkelijk doordrinkbaar.","26,85","true"
"Jopen-Jacobus-RPA.33_1","8714799401116","Jopen Jacobus RPA","Brouwerij Jopenkerk","Jopen","Pale Ale","2.89","0.00","EUR","https://www.beerwulf.com/nl-be/p/bieren/jopen-jacobus-rpa.33","https://www.beerwulf.com/globalassets/jopen-jacobus-rpa.33_1_1.png?w=100&h=100","https://www.beerwulf.com/globalassets/jopen-jacobus-rpa.33_1_1.png?w=400&h=400","414","Amberkleurig bier met een rijke schuimkraag. De geur en de smaak herbergen aroma’s van uiteenlopende soort, van citrusfruit zoals sinaasappel en grapefruit, kruidigheid tot peperigheid en kartelachtige zoetheid. Een bier waarin veel te ontdekken valt. Lekker om zo te drinken en uitstekend te combineren met diverse gerechten.","26,85","true"
"Maximus-Pandora-6.33_1","8718801180013","Maximus Pandora 6","Brouwerij Maximus","Maximus","Pale Ale","2.19","0.00","EUR","https://www.beerwulf.com/nl-be/p/bieren/maximus-pandora-6.33","https://www.beerwulf.com/globalassets/maximus-pandora-6.33_1_1.png?w=100&h=100","https://www.beerwulf.com/globalassets/maximus-pandora-6.33_1_1.png?w=400&h=400","414","Oranjekleurig bier met een gemiddelde schuimkraag. Bier is vrij helder, heeft een lichte nevel. Aroma’s van citrusfruit en abrikoos. Daarnaast was zoete moutaroma’s, die neigen naar toast. Droge, bittere finish.","26,85","true"
"Rodenbach-Grand-Cru.33_1","0000054125032","Rodenbach Grand Cru","Brouwerij Rodenbach","Rodenbach","Sour Bier","3.09","0.00","EUR","https://www.beerwulf.com/nl-be/p/bieren/rodenbach-grand-cru.33","https://www.beerwulf.com/globalassets/rodenbach-grand-cru.33_1_1.png?w=100&h=100","https://www.beerwulf.com/globalassets/rodenbach-grand-cru.33_1_1.png?w=400&h=400","414","Een blend van jong en gerijpt bier heeft gerijpt in eiken foeders. Via deze gemengde gisting ontstaan geweldige aroma’s vol fruit, hout en vanille. Fruitige zuren tonen hebben een wijnachtig karakter. Dankzij zijn complexiteit is deze Rodenbach Grand Cru een feest aan tafel.","26,85","true"
"Palm.25_1","0000054057012","Palm","Brouwerij Palm","Palm","Pale Ale","1.99","0.00","EUR","https://www.beerwulf.com/nl-be/p/bieren/palm.25","https://www.beerwulf.com/globalassets/palm.25_1_1.png?w=100&h=100","https://www.beerwulf.com/globalassets/palm.25_1_1.png?w=400&h=400","414","Amberkleurig bier met fijne schuimkraag. De ambermouten geeft een zachte toets van karamel. Fijne doordrinker.","26,85","true"
"Bronckhorster-Slimme-Rhakker.33_1","8716685090671","Bronckhorster Slimme Rhakker","Bronckhorster Brewing Company","Bronckhorster","Lager Bier","3.19","0.00","EUR","https://www.beerwulf.com/nl-be/p/bieren/bronckhorster-slimme-rhakker.33","https://www.beerwulf.com/globalassets/catalog/beerwulf/beers/india-pale-ale/bronck-horster-slimme-khakker-light-pale-ale.png?w=100&h=100","https://www.beerwulf.com/globalassets/catalog/beerwulf/beers/india-pale-ale/bronck-horster-slimme-khakker-light-pale-ale.png?w=400&h=400","414","Goudgeel licht mistig bier met een zeepachtige royale schuimkraag. Florale aroma’s en veel vooral tropisch fruit gaven dit alcoholarme bier een aangename smaak. Fijne smaakvolle dorstlesser met weinig alcohol.","26,85","true"
"Brand-Dubbelbock.3_1","0000087232141","Brand Dubbelbock","Brand Bierbrouwerij","Brand","Bockbier","1.79","0.00","EUR","https://www.beerwulf.com/nl-be/p/bieren/brand-dubbelbock.3","https://www.beerwulf.com/globalassets/brand-dubbelbock.3_1_1.png?w=100&h=100","https://www.beerwulf.com/globalassets/brand-dubbelbock.3_1_1.png?w=400&h=400","414","Een donker rood tot bruine dubbelbock. Het bier is zeker voor een bock niet te zoet en heeft een licht bittertje. Je ruikt en proeft de gebrande mouten. Fijne schuimkraag.","26,85","true"
"Walhalla-Osiris.33_1","8716685012185","Walhalla Osiris","Walhalla Craft Beer","Walhalla","Saison Bier","3.09","0.00","EUR","https://www.beerwulf.com/nl-be/p/bieren/walhalla-osiris.33","https://www.beerwulf.com/globalassets/walhalla-osiris.33_1_1.png?w=100&h=100","https://www.beerwulf.com/globalassets/walhalla-osiris.33_1_1.png?w=400&h=400","414","Oranje tot amberkleurig, troebel bier met een volle romige schuimkraag. Veel koolzuur, veel citrus- en tropisch fruit, de typische boerderij-achtige aroma’s van een Saison inclusief een droge afdronk.","26,85","true"
"Budels-Malt-00.3_1","8712003000148","Budels Malt Bio 0,0%","Budelse Brouwerij","Budels","Lager Bier","1.79","0.00","EUR","https://www.beerwulf.com/nl-be/p/bieren/budels-malt-00.3","https://www.beerwulf.com/globalassets/budels-malt-00.3_1_1.png?w=100&h=100","https://www.beerwulf.com/globalassets/budels-malt-00.3_1_1.png?w=400&h=400","414","Goudkleurig, helder bier met een witte schuimkraag. Aroma’s zitten vol graan en een lichte fruitigheid. De smaak van deze biologische 0.0% is moutig met een verfrissende afdronk.Ingrediënten: water, gerstemout, hop / 26 kCal","26,85","true"
"Budels-Honing-Bio.3_1","8712003001305","Budels Honing Bio","Budelse Brouwerij","Budels","Lager Bier","2.19","0.00","EUR","https://www.beerwulf.com/nl-be/p/bieren/budels-honing-bio.3","https://www.beerwulf.com/globalassets/budels-honing-bio.3_1_1.png?w=100&h=100","https://www.beerwulf.com/globalassets/budels-honing-bio.3_1_1.png?w=400&h=400","414","Goudkleurig, helder bier met een mooie witte schuimkraag. Aroma’s worden gedomineerd door honing. De afdronk van dit Biologische bier is honingachtig en zacht.","26,85","true"
"Budels-Zware-Dobber-Bio.3_1","8712003003064","Budels Zware Dobber Bio","Budelse Brouwerij","Budels","Tripel Bier","2.96","0.00","EUR","https://www.beerwulf.com/nl-be/p/bieren/budels-zware-dobber-bio.3","https://www.beerwulf.com/globalassets/budels-zware-dobber-bio.3_1_0.png?w=100&h=100","https://www.beerwulf.com/globalassets/budels-zware-dobber-bio.3_1_0.png?w=400&h=400","414","Diepgouden kleur, helder met een gemiddelde witte schuimkraag. Zoete aroma’s, snoepjes, jellybeans, Smaak is zoet, suiker, snoep, alcoholisch. Nasmaak is zoet.","26,85","true"
"Erdinger-Alcohol-vrij.33_1","4002103249559","Erdinger Alcohol vrij","Erdinger","Erdinger","Weizenbier","1.79","0.00","EUR","https://www.beerwulf.com/nl-be/p/bieren/erdinger-alcohol-vrij.33","https://www.beerwulf.com/globalassets/erdinger-alcohol-vrij.33_1_1.png?w=100&h=100","https://www.beerwulf.com/globalassets/erdinger-alcohol-vrij.33_1_1.png?w=400&h=400","414","Een zeer geslaagd alcoholvrij bier met bovendien mooie isotonische waarden, dus ideaal voor sporters. Lekker Duits tarwebier met een frisse, heldere smaak en een lichte bitterheid in de afdronk.Ingrediënten: water, gerstemout, hop, gist / 125 Kcal","26,85","true"
"Paulaner-Hefe-Weissbier-Alcoholvrij.33_1","4066600145257","Paulaner Hefe Weissbier Alcoholvrij","Paulaner Brauerei","Paulaner","Weizenbier","1.79","0.00","EUR","https://www.beerwulf.com/nl-be/p/bieren/paulaner-hefe-weissbier-alcoholvrij.33","https://www.beerwulf.com/globalassets/paulaner-hefe-weissbier-alcoholvrij.33_1_2.png?w=100&h=100","https://www.beerwulf.com/globalassets/paulaner-hefe-weissbier-alcoholvrij.33_1_2.png?w=400&h=400","414","Een geweldige alcoholvrije dorstlesser, die een pauze in uw dag kan veranderen in een frisse Beierse smaakervaring met typische fruitsmaken van tarwebier.Ingrediënten: Water, gerstemout, tarwemout, hop / 23 Kcal","26,85","true"
"Augustijn-Grand-Cru.33_1","5411663002204","Augustijn Grand Cru","Brouwerij Van Steenberge","Augustijn","Blond Bier","2.59","0.00","EUR","https://www.beerwulf.com/nl-be/p/bieren/augustijn-grand-cru.33","https://www.beerwulf.com/globalassets/augustijn-grand-cru.33_1_1.png?w=100&h=100","https://www.beerwulf.com/globalassets/augustijn-grand-cru.33_1_1.png?w=400&h=400","414","Pittig stroblond bier met een moutige toets en een stevige bitterheid in de afdronk. Dit krachtige bier is sprankelend door flink wat koolzuur.","26,85","true"
"Bon-Secours-Blonde.33_1","5412983130028","Bon Secours Blonde","Brasserie Caulier","Bon secours","Blond Bier","3.29","0.00","EUR","https://www.beerwulf.com/nl-be/p/bieren/bon-secours-blonde.33","https://www.beerwulf.com/globalassets/bon-secours-blonde.33_1_1.png?w=100&h=100","https://www.beerwulf.com/globalassets/bon-secours-blonde.33_1_1.png?w=400&h=400","414","Fris goudblond bier met aroma’s van citrusfruit. Medium zoetheid, lichte bitterheid en een soepele fruitige afdronk. Zwaar, maar soepel.","26,85","true"
"Brussels-Beer-Project-Grosse-Bertha.33_1","5411283000048","Brussels Beer Project Grosse Bertha","Brussels Beer Project","Brussels beer project","Weizenbier","2.89","0.00","EUR","https://www.beerwulf.com/nl-be/p/bieren/brussels-beer-project-grosse-bertha.33","https://www.beerwulf.com/globalassets/brussels-beer-project-grosse-bertha.33_1_1.png?w=100&h=100","https://www.beerwulf.com/globalassets/brussels-beer-project-grosse-bertha.33_1_1.png?w=400&h=400","414","Weizen met de typische aroma’s banaan. Veel Belgische zoet van gist en suiker. Erg zoet met licht kruidige finish.","26,85","true"
"Cuvee-des-Trolls.33_1","5411551141091","Cuvée des Trolls","Brasserie Dubuisson Freres","Cuvée des trolls","Blond Bier","2.09","0.00","EUR","https://www.beerwulf.com/nl-be/p/bieren/cuvee-des-trolls.33","https://www.beerwulf.com/globalassets/cuvee-des-trolls.33_1_1.png?w=100&h=100","https://www.beerwulf.com/globalassets/cuvee-des-trolls.33_1_1.png?w=400&h=400","414","Strogeel, mistig met een stevige witte schuimkraag. Full body met fruitige aroma’s van citrus en zoet geel fruit. Overwegend zoet met verfrissend zuurtje en gistig karakter.","26,85","true"
"De-Dolle-Oerbier.33_1","0785221123607","De Dolle Oerbier","Dolle Brouwers","De dolle","Quadrupel","3.39","0.00","EUR","https://www.beerwulf.com/nl-be/p/bieren/de-dolle-oerbier.33","https://www.beerwulf.com/globalassets/de-dolle-oerbier.33_1_1.png?w=100&h=100","https://www.beerwulf.com/globalassets/de-dolle-oerbier.33_1_1.png?w=400&h=400","414","Krachtig bier vol zoetheid en fruit. De zure ondertoon geeft dit bruine bier een wijnachtig karakter. Verrassende combinatie van zoete en friszure smaken.","26,85","true"
"De-Koninck-Wild-Jo.33_1","0000054107052","De Koninck Wild Jo","Brouwerij De Koninck","De koninck","Blond Bier","2.49","0.00","EUR","https://www.beerwulf.com/nl-be/p/bieren/de-koninck-wild-jo.33","https://www.beerwulf.com/globalassets/de-koninck-wild-jo.33_1_1.png?w=100&h=100","https://www.beerwulf.com/globalassets/de-koninck-wild-jo.33_1_1.png?w=400&h=400","414","Soepele Blond, goudkleurig met flinke schuimkraag. Zoet, licht fruit, beetje funky door de wilde gist.","26,85","true"
"De-Ranke-Simplex.33_1","5413963130014","De Ranke Simplex","De Ranke","De ranke","Blond Bier","2.49","0.00","EUR","https://www.beerwulf.com/nl-be/p/bieren/de-ranke-simplex.33","https://www.beerwulf.com/globalassets/de-ranke-simplex.33_1_1.png?w=100&h=100","https://www.beerwulf.com/globalassets/de-ranke-simplex.33_1_1.png?w=400&h=400","414","Simplex lijkt op een Pils maar is het niet. Het is een bovengistend bier, fris, met een hoppig karakter en een bittere nasmaak.","26,85","true"
"Grisette-Blond-Gluten-Free.25_1","5412138495019","Grisette Blond Gluten Free","St. Feuillien","Grisette","Blond Bier","1.99","0.00","EUR","https://www.beerwulf.com/nl-be/p/bieren/grisette-blond-gluten-free.25","https://www.beerwulf.com/globalassets/grisette-blond-gluten-free.25_1_1.png?w=100&h=100","https://www.beerwulf.com/globalassets/grisette-blond-gluten-free.25_1_1.png?w=400&h=400","414","Goudkleurig, bio- en glutenrvrij bier. Kruidig en moutig met een karaktervolle bitterheid.","26,85","true"
"Grisette-Fruits-des-Bois.25_1","5412138702513","Grisette Fruits des Bois","St. Feuillien","Grisette","Fruitbier","2.29","0.00","EUR","https://www.beerwulf.com/nl-be/p/bieren/grisette-fruits-des-bois.25","https://www.beerwulf.com/globalassets/grisette-fruits-des-bois.25_1_1.png?w=100&h=100","https://www.beerwulf.com/globalassets/grisette-fruits-des-bois.25_1_1.png?w=400&h=400","414","Paarsrode kleur met een roze schuimkraag. Fruitige aroma’s. Blauwe bessen, frambozen. Nasmaak is zoet. Koud drinken.","26,85","true"
"Jessenhofke-MAYA.33_1","5425026090029","Jessenhofke MAYA","Jessenhofke","Jessenhofke","Blond Bier","2.79","0.00","EUR","https://www.beerwulf.com/nl-be/p/bieren/jessenhofke-maya.33","https://www.beerwulf.com/globalassets/jessenhofke-maya.33_1_1.png?w=100&h=100","https://www.beerwulf.com/globalassets/jessenhofke-maya.33_1_1.png?w=400&h=400","414","Experimenteel bier met veel koolzuur en zetmeelhoudend water van seitanmaker Maya. Zoet met een zuurtje en een licht kruidige hoppige bitterheid.","26,85","true"
"Jessenhofke-RGLR.33_1","5425026090272","Jessenhofke RGLR","Jessenhofke","Jessenhofke","Pale Ale","1.94","0.00","EUR","https://www.beerwulf.com/nl-be/p/bieren/jessenhofke-rglr.33","https://www.beerwulf.com/globalassets/jessenhofke-rglr.33_1_1.png?w=100&h=100","https://www.beerwulf.com/globalassets/jessenhofke-rglr.33_1_1.png?w=400&h=400","414","Bleek gouden kleur met een witte schuimkraag. Smaak zit vol fruitige, citrustonen, grassige en gistige aroma’s. Dit is een lichte en frisse dorstlesser.","26,85","true"
"Kwaremont-Pittig-Blond.33_1","5411831000957","Kwaremont Pittig Blond","De Brabandere Brouwerij","Kwaremont","Blond Bier","2.39","0.00","EUR","https://www.beerwulf.com/nl-be/p/bieren/kwaremont-pittig-blond.33","https://www.beerwulf.com/globalassets/kwaremont-pittig-blond.33_1_1.png?w=100&h=100","https://www.beerwulf.com/globalassets/kwaremont-pittig-blond.33_1_1.png?w=400&h=400","414","Goudkleurig bier met een stevig witte licht gekleurde schuimkraag. Een aangenaam zoet bier met lichte fruitige tonen. Kwaremont profileert zich sterk als wielerbier en is een ‘bier voor kopmannen’.","26,85","true"
"Moinette-Bruin.33_1","5410702000232","Moinette Bruin","Brouwerij Dupont","Moinette","Brown Ale","2.33","0.00","EUR","https://www.beerwulf.com/nl-be/p/bieren/moinette-bruin.33","https://www.beerwulf.com/globalassets/moinette-bruin.33_1_1.png?w=100&h=100","https://www.beerwulf.com/globalassets/moinette-bruin.33_1_1.png?w=400&h=400","414","Gebrouwen met een speciale melange van vier verschillende soorten mout. Deze roodbruine Dubbel zit vol met moutige tonen, zoals karamel. Gedroogd fruit en een tikje zoetheid leiden naar een zoete finish met een milde bitterheid.","26,85","true"
"Omer-Traditional-Blonde.33_1","5411858000145","Omer Traditional Blonde","Brouwerij Omer Vander Ghinste","Omer","Blond Bier","2.59","0.00","EUR","https://www.beerwulf.com/nl-be/p/bieren/omer-traditional-blonde.33","https://www.beerwulf.com/globalassets/omer-traditional-blonde.33_1_1.png?w=100&h=100","https://www.beerwulf.com/globalassets/omer-traditional-blonde.33_1_1.png?w=400&h=400","414","Blond bier met een prachtige balans. Goudgekleurd met een romige witte schuimkraag, gebrouwen met drie verschillende hopsoorten. Ronde zoetheid met een licht karaktervol bittertje in de finish.","26,85","true"
"Oud-Beersel-Oude-Geuze-Vieille.375_1","5425018070312","Oud Beersel Oude Geuze","Oud Beersel Brewery","Oud beersel","Sour Bier","4.67","0.00","EUR","https://www.beerwulf.com/nl-be/p/bieren/oud-beersel-oude-geuze-vieille.375","https://www.beerwulf.com/globalassets/oud-beersel-oude-geuze-vieille.375_1_1.png?w=100&h=100","https://www.beerwulf.com/globalassets/oud-beersel-oude-geuze-vieille.375_1_1.png?w=400&h=400","414","Goudkleurig met inzakkende schuimkraag. Hard zuur bier met de zuurheid van groene, onrijpe appels. Op de achtergrond tonen van hout en vanille. Lange zure afdronk.","26,85","true"
"Piraat-10-5.33_1","5411663002600","Piraat 10,5","Brouwerij Van Steenberge","Piraat","Blond Bier","2.49","0.00","EUR","https://www.beerwulf.com/nl-be/p/bieren/piraat-105.33","https://www.beerwulf.com/globalassets/piraat-10-5.33_1_1.png?w=100&h=100","https://www.beerwulf.com/globalassets/piraat-10-5.33_1_1.png?w=400&h=400","414","Goudkleurig met een enorme schuimkraag. De aroma's zijn kruidig, zoet en alcoholisch. Deze Piraat houdt je warm van binnen.","26,85","true"
"Postel-Tripel.33_1","5411098700010","Postel Tripel","Affligem Brouwerij","Postel","Tripel Bier","2.24","0.00","EUR","https://www.beerwulf.com/nl-be/p/bieren/postel-tripel.33","https://www.beerwulf.com/globalassets/postel-tripel.33_1_1.png?w=100&h=100","https://www.beerwulf.com/globalassets/postel-tripel.33_1_1.png?w=400&h=400","414","Goudkleurig, helder met een forse witte schuimkraag. Veel koolzuur. Aroma’s van gist, mout en fruit. Medium zoetheid. Fruitige afdronk.","26,85","true"
"Quintine-Blonde.33_1","5425005660601","Quintine Blonde","Brasserie des Légendes","Quintine","Blond Bier","3.59","0.00","EUR","https://www.beerwulf.com/nl-be/p/bieren/quintine-blonde.33","https://www.beerwulf.com/globalassets/quintine-blonde.33_1_1.png?w=100&h=100","https://www.beerwulf.com/globalassets/quintine-blonde.33_1_1.png?w=400&h=400","414","Licht amberkleurig, mistig met een flinke schuimkraag. Aangename bitterheid in de afdronk. Zoete en licht kruidige aroma’s van mout en gist.","26,85","true"
"St-Feuillien-Blond.33_1","5412138103310","St. Feuillien Blond","St. Feuillien","St. feuillien","Blond Bier","2.69","0.00","EUR","https://www.beerwulf.com/nl-be/p/bieren/st.-feuillien-blond.33","https://www.beerwulf.com/globalassets/st-feuillien-blond.33_1_1.png?w=100&h=100","https://www.beerwulf.com/globalassets/st-feuillien-blond.33_1_1.png?w=400&h=400","414","Een krachtig en vol goudkleurig bier met aroma’s van specerijen en citrusfruit. De hop zorgt voor een medium bitterheid. Een karaktervol bier voor vele momenten.","26,85","true"
"St-Feuillien-Bruin.33_1","5412138203317","St. Feuillien Bruin","St. Feuillien","St. feuillien","Dubbel Bier","2.49","0.00","EUR","https://www.beerwulf.com/nl-be/p/bieren/st.-feuillien-bruin.33","https://www.beerwulf.com/globalassets/st-feuillien-bruin.33_1_1.png?w=100&h=100","https://www.beerwulf.com/globalassets/st-feuillien-bruin.33_1_1.png?w=400&h=400","414","Roodbruine Belgische Dubbel met karamel- en zoethout-karakter. Fruitig en niet te zoet.","26,85","true"
"Steenbrugge-Blond.33_1","0000054112063","Steenbrugge Blond","Brouwerij Palm","Steenbrugge","Blond Bier","2.79","0.00","EUR","https://www.beerwulf.com/nl-be/p/bieren/steenbrugge-blond.33","https://www.beerwulf.com/globalassets/steenbrugge-blond.33_1_1.png?w=100&h=100","https://www.beerwulf.com/globalassets/steenbrugge-blond.33_1_1.png?w=400&h=400","414","Klassieke Belgische Blond verrijkt met een Brugs kruidenmengsel, Gruut genaamd. Zachte zoete tonen met een bescheiden bitterheid.","26,85","true"
"Steenbrugge-Wit.33_1","0000054112087","Steenbrugge Wit","Brouwerij Palm","Steenbrugge","Witbier","2.19","0.00","EUR","https://www.beerwulf.com/nl-be/p/bieren/steenbrugge-wit.33","https://www.beerwulf.com/globalassets/steenbrugge-wit.33_1_1.png?w=100&h=100","https://www.beerwulf.com/globalassets/steenbrugge-wit.33_1_1.png?w=400&h=400","414","Verfrissend witbier gebrouwen met Gruut, een speciale mix van kruiden. Soepel en dorstlessend abdijbier.","26,85","true"
"Valeir-Extra.33_1","5425014420203","Valeir Extra","Brouwerij Contreras","Valeir","IPA","2.69","0.00","EUR","https://www.beerwulf.com/nl-be/p/bieren/valeir-extra.33","https://www.beerwulf.com/globalassets/valeir-extra.33_1_1.png?w=100&h=100","https://www.beerwulf.com/globalassets/valeir-extra.33_1_1.png?w=400&h=400","414","IPA met een bloemig hopkarakter. Licht fruitig, kruidige tonen en een bittere afdronk.","26,85","true"
"Vicaris-Generaal.33_1","5425027970078","Vicaris Generaal","Brouwerij Dilewyns","Vicaris","Brown Ale","2.51","0.00","EUR","https://www.beerwulf.com/nl-be/p/bieren/vicaris-generaal.33","https://www.beerwulf.com/globalassets/vicaris-generaal.33_1_1.png?w=100&h=100","https://www.beerwulf.com/globalassets/vicaris-generaal.33_1_1.png?w=400&h=400","414","Roodbruin bier met sterke aroma’s van gebrande mout, gedroogd fruit, toast en karamel. Rond, stevig en zoet met een een lichte bitterheid.","26,85","true"
"Viven-Bruin.33_1","5425025390021","Viven Bruin","Brouwerij Van Viven","Viven","Dubbel Bier","2.49","0.00","EUR","https://www.beerwulf.com/nl-be/p/bieren/viven-bruin-429d9d7e","https://www.beerwulf.com/globalassets/viven-bruin.33_1_1.png?w=100&h=100","https://www.beerwulf.com/globalassets/viven-bruin.33_1_1.png?w=400&h=400","414","Klassieke, soepele Dubbel met een dunne zoetheid. Aroma’s van karamel, gedroogd fruit en brood in de neus. De smaak zit vol karamel en gedroogd fruit.","26,85","true"
"Achel-Blond.33_1","5425007658828","Achel Blond","Brouwerij De Achelse Kluis","Achel","Blond Bier","2.79","0.00","EUR","https://www.beerwulf.com/nl-be/p/bieren/achel-blond.33","https://www.beerwulf.com/globalassets/achel-blond.33_1_1.png?w=100&h=100","https://www.beerwulf.com/globalassets/achel-blond.33_1_1.png?w=400&h=400","414","Goudblonde Trappist met romige witte schuimkraag. Fruitige smaak, licht bittere afdronk. Achelse Kluis is een erkend Trappistenbier.","26,85","true"
"Piraat-Tripel-Hop.33_1","5411663004772","Piraat Tripel Hop","Brouwerij Van Steenberge","Piraat","Blond Bier","2.79","0.00","EUR","https://www.beerwulf.com/nl-be/p/bieren/piraat-tripel-hop.33","https://www.beerwulf.com/globalassets/piraat-tripel-hop.33_1_1.png?w=100&h=100","https://www.beerwulf.com/globalassets/piraat-tripel-hop.33_1_1.png?w=400&h=400","414","De Piraat Triple Hop wordt elk jaar gebrouwen met andere hopsoorten. Dit bier is gebrouwen met Saaz, Tetra en Aurore. Cascade werd gebruikt voor dryhopping. Een krachtig, full-bodied zoete Tripel met tonen van gist en een licht hopkarakter.","26,85","true"
"Wild-Beer-Co-Modus-Operandi.33_1","5060324500025","Wild Beer Co Modus Operandi","Wild Beer Company","Wild beer co","Sour Bier","4.49","0.00","EUR","https://www.beerwulf.com/nl-be/p/bieren/wild-beer-co-modus-operandi.33","https://www.beerwulf.com/globalassets/wild-beer-co-modus-operandi.33_1_1.png?w=100&h=100","https://www.beerwulf.com/globalassets/wild-beer-co-modus-operandi.33_1_1.png?w=400&h=400","414","De zure rode bier heeft 90 dagen op eikenvaten gerijpt. Je proeft het wilde van de gist. De smaak is zuur, zoet en fruitig. In de nasmaak proef je ook vanille","26,85","true"
"Brewdog-Elvis-Juice.33_1","5060154917741","Brewdog Elvis Juice","BrewDog","Brewdog","Lager Bier","2.99","0.00","EUR","https://www.beerwulf.com/nl-be/p/bieren/brewdog-elvis-juice.33","https://www.beerwulf.com/globalassets/brewdog-elvis-juice.33_1_1.png?w=100&h=100","https://www.beerwulf.com/globalassets/brewdog-elvis-juice.33_1_1.png?w=400&h=400","414","Elvis Juice is een Amerikaanse stijl IPA met een sterk bitter randje. De basis van zoete mouttonen wordt overspoeld met citrusfruit, dankzij de aromatische hopsoorten en de toegevoegde grapefruit-schillen.","26,85","true"
"Davo-Tripel.33_1","8717953119414","DAVO Tripel","Davo Bieren","Davo","Tripel Bier","3.19","0.00","EUR","https://www.beerwulf.com/nl-be/p/bieren/davo-tripel.33","https://www.beerwulf.com/globalassets/davo-tripel.33_1_1.png?w=100&h=100","https://www.beerwulf.com/globalassets/davo-tripel.33_1_1.png?w=400&h=400","414","Krachtige, verwarmende Tripel met kruidige en fruitige accenten.","26,85","true"
"Brlo-Berliner-Weisse.33_1","4260402630175","Brlo Berliner Weisse","BRLO","Brlo","Sour Bier","2.69","0.00","EUR","https://www.beerwulf.com/nl-be/p/bieren/brlo-berliner-weisse.33","https://www.beerwulf.com/globalassets/brlo-berliner-weisse.33_1_02.png?w=100&h=100","https://www.beerwulf.com/globalassets/brlo-berliner-weisse.33_1_02.png?w=400&h=400","414","Verfrissend bier met straffe zuren, die rond worden dankzij de zoetheid van de mout en de fruitige aroma’s","26,85","true"
"Brlo-Helles.33_1","4260402630014","Brlo Helles","BRLO","Brlo","Lager Bier","2.49","0.00","EUR","https://www.beerwulf.com/nl-be/p/bieren/brlo-helles.33","https://www.beerwulf.com/globalassets/brlo-helles.33_1_0.png?w=100&h=100","https://www.beerwulf.com/globalassets/brlo-helles.33_1_0.png?w=400&h=400","414","Prima starter met fijne moutige aroma’s en een redelijke bitterheid. Frisse goudgele dorstlesser. Goed alternatief voor als je wat anders wilt dan een Pils.","26,85","true"
"Hanscraft--Co.-Bayerisch-Nizza-Weizen-Pale-Ale.33_1","4260335780077","Hanscraft & Co. Bayerisch Nizza Weizen Pale Ale","Hanscraft & Co.","Hanscraft & co.","Witbier","2.99","0.00","EUR","https://www.beerwulf.com/nl-be/p/bieren/hanscraft--co.-bayerisch-nizza-weizen-pale-ale.33","https://www.beerwulf.com/globalassets/hanscraft--co.-bayerisch-nizza-weizen-pale-ale.33_1_1.png?w=100&h=100","https://www.beerwulf.com/globalassets/hanscraft--co.-bayerisch-nizza-weizen-pale-ale.33_1_1.png?w=400&h=400","414","Tarwebier, fris, floraal en fruitig met aroma’s van grapefruit. Verfrissend en doordrinkbaar.","26,85","true"
"La-Debauche-Volga.33_1","3760055360357","La Débauche Volga","Brasserie La Débauche","La débauche","Pale Ale","3.29","0.00","EUR","https://www.beerwulf.com/nl-be/p/bieren/la-debauche-volga.33","https://www.beerwulf.com/globalassets/la-debauche-volga.33_1_1.png?w=100&h=100","https://www.beerwulf.com/globalassets/la-debauche-volga.33_1_1.png?w=400&h=400","414","Smaakvolle Pale Ale, verfrissend met hoppige tonen en een karaktervolle bitterheid.","26,85","true"
"Beavertown-Neck-Oil.33_1","5060386620075","Beavertown Neck Oil","Beavertown Brewery","Beavertown","IPA","2.99","0.00","EUR","https://www.beerwulf.com/nl-be/p/bieren/beavertown-neck-oil.33","https://www.beerwulf.com/globalassets/beavertown-neck-oil2.33_1_0?w=100&h=100","https://www.beerwulf.com/globalassets/beavertown-neck-oil2.33_1_0?w=400&h=400","414","Zeer toegankelijke, frisse, fruitige Session IPA. Weinig alcohol, veel smaak dankzij de grote hoeveelheden hop.","26,85","true"
"Frontaal-Freehand.33_1","8719324978064","Frontaal Freehand","Brouwerij Frontaal","Frontaal","Blond Bier","3.19","0.00","EUR","https://www.beerwulf.com/nl-be/p/bieren/frontaal-freehand.33","https://www.beerwulf.com/globalassets/frontaal-freehand.33_1_1.png?w=100&h=100","https://www.beerwulf.com/globalassets/frontaal-freehand.33_1_1.png?w=400&h=400","414","Frisse Saison met sterk zuur karakter, zoete karamelachtige tonen en fruitige aroma's van onder andere appel en een duidelijk pepertje.","26,85","true"
"Two-Chefs-Brewing-White-Mamba.33_1","8719189301038","Two Chefs Brewing White Mamba","Two Chefs Brewing","Two chefs brewing","Witbier","2.39","0.00","EUR","https://www.beerwulf.com/nl-be/p/bieren/two-chefs-brewing-white-mamba.33","https://www.beerwulf.com/globalassets/two-chefs-brewing-white-mamba.33_1_1.png?w=100&h=100","https://www.beerwulf.com/globalassets/two-chefs-brewing-white-mamba.33_1_1.png?w=400&h=400","414","Avontuurlijk en smaakvol witbier. Gebrouwen met koriander, kardemom en limoenblad. Bloemige aroma's met tonen van citrus en koriander. De smaak is verfrissend, kruidig met een zachte, middellange afdronk.","26,85","true"
"Uberquell-World-White-IPA33_1","4260549520407","Uberquell World White IPA","ÜberQuell","Uberquell","IPA","2.69","0.00","EUR","https://www.beerwulf.com/nl-be/p/bieren/uberquell-world-white-ipa33","https://www.beerwulf.com/globalassets/uberquell-world-white-ipa33_1_2.png?w=100&h=100","https://www.beerwulf.com/globalassets/uberquell-world-white-ipa33_1_2.png?w=400&h=400","414","Verfrissende crossover tussen een IPA en een Witbier. Licht, fruitig en bloemig met een fluweelzacht mondgevoel.","26,85","true"
"And-Union-UNFLT33_1","6009800639902","And Union Saturday Lager","And Union","And union","Lager Bier","2.39","0.00","EUR","https://www.beerwulf.com/nl-be/p/bieren/and-union-unflt33","https://www.beerwulf.com/globalassets/and-union-unflt33_1_02.png?w=100&h=100","https://www.beerwulf.com/globalassets/and-union-unflt33_1_02.png?w=400&h=400","414","Zacht en verfrissend ondergistend bier. Ongefilterd en daardoor rijk aan smaak, crispy, rond en licht zoet.","26,85","true"
"And-Union-Steph-Weiss33_1","6009800639926","And Union Wednesday Wheat","And Union","And union","Weizenbier","2.39","0.00","EUR","https://www.beerwulf.com/nl-be/p/bieren/and-union-steph-weiss33","https://www.beerwulf.com/globalassets/and-union-steph-weiss33_1_0.png?w=100&h=100","https://www.beerwulf.com/globalassets/and-union-steph-weiss33_1_0.png?w=400&h=400","414","","26,85","true"
"Texels-Springtij3_1","8717903630075","Texels Springtij","Texelse Bierbrouwerij","Texels","Bockbier","2.59","0.00","EUR","https://www.beerwulf.com/nl-be/p/bieren/texels-springtij3","https://www.beerwulf.com/globalassets/texels-springtij3_1_1.png?w=100&h=100","https://www.beerwulf.com/globalassets/texels-springtij3_1_1.png?w=400&h=400","414","Een krachtige volle Maibock met mooi evenwicht tussen zoete moutige en fruitige aroma's.","26,85","true"
"Vandeoirsprong-Amber.33_1","8719189355178","Vandeoirsprong Amber","Brouwerij Vandeoirsprong","Vandeoirsprong","Pale Ale","2.79","0.00","EUR","https://www.beerwulf.com/nl-be/p/bieren/vandeoirsprong-amber.33","https://www.beerwulf.com/globalassets/vandeoirsprong-amber.33_1_1.png?w=100&h=100","https://www.beerwulf.com/globalassets/vandeoirsprong-amber.33_1_1.png?w=400&h=400","414","Amber kleurig bier vol moutige aroma's die doen denken aan brood en karamel. Licht fruitige ondertoon. Zeer soepel en rond.","26,85","true"
"Texels-Dubbel.3_1","8717903630082","Texels Dubbel","Texelse Bierbrouwerij","Texels","Dubbel Bier","2.49","0.00","EUR","https://www.beerwulf.com/nl-be/p/bieren/texels-dubbel.3","https://www.beerwulf.com/globalassets/texels-dubbel.3_1_1.png?w=100&h=100","https://www.beerwulf.com/globalassets/texels-dubbel.3_1_1.png?w=400&h=400","414","Bruine kleur met een warme rode gloed. Ronde aroma's van donkere mout, zoals karamel. Vol van smaak, licht zoet en met een bescheiden bitterheid.","26,85","true"
"Kona-Hanalei-Island.36_1","4260473891468","Kona Hanalei Island","Kona","Kona","IPA","2.99","0.00","EUR","https://www.beerwulf.com/nl-be/p/bieren/kona-hanalei-island.36","https://www.beerwulf.com/globalassets/kona-hanalei-island.36_1_1.png?w=100&h=100","https://www.beerwulf.com/globalassets/kona-hanalei-island.36_1_1.png?w=400&h=400","414","Verfrissend en dorstlessend. Licht en zeer smaakvol. Uitbundige zoete fruitige hoparoma’s.","26,85","true"
"Hoppebrau-Wuida-Hund.33_1","4260449220018","Hoppebrau Wuida Hund","Hoppebräu","Hoppebrau","Pilsner & Hoppy Lager","2.79","0.00","EUR","https://www.beerwulf.com/nl-be/p/bieren/hoppebrau-wuida-hund.33","https://www.beerwulf.com/globalassets/hoppebrau-wuida-hund.33_1_0.png?w=100&h=100","https://www.beerwulf.com/globalassets/hoppebrau-wuida-hund.33_1_0.png?w=400&h=400","414","Een donker goudkleurig, ondergistend bier met een hoppig karakter en verfijnde aroma's van brood en een lichte karameltoets.","26,85","true"
"Brasserie-De-Sutter-Dementbree.33_1","3770004616268","Brasserie De Sutter Dément'brée","Brasserie de Sutter","Brasserie de sutter","Amber & Red Ale","2.79","0.00","EUR","https://www.beerwulf.com/nl-be/p/bieren/brasserie-de-sutter-dementbree.33","https://www.beerwulf.com/globalassets/brasserie-de-sutter-dementbree.33_1_1.png?w=100&h=100","https://www.beerwulf.com/globalassets/brasserie-de-sutter-dementbree.33_1_1.png?w=400&h=400","414","De amber is zoet en kruidig. In de smaak proef je duidelijk de geroosterde mouten. De smaak is zacht en rond","26,85","true"
"Brasserie-De-Sutter-La-Folle-des-Bois.33_1","3770004616367","Brasserie De Sutter La Folle des Bois","Brasserie de Sutter","Brasserie de sutter","Fruitbier","2.79","0.00","EUR","https://www.beerwulf.com/nl-be/p/bieren/brasserie-de-sutter-la-folle-des-bois.33","https://www.beerwulf.com/globalassets/brasserie-de-sutter-la-folle-des-bois.33_1_1.png?w=100&h=100","https://www.beerwulf.com/globalassets/brasserie-de-sutter-la-folle-des-bois.33_1_1.png?w=400&h=400","414","Dit bier zit vol met geurig en smaakvol fruit. Het is een zoet bier, zonder daar in door te slaan. Het is een vol fruitbier","26,85","true"
"Brasserie-De-Sutter-La-Givree.33_1","3770004616282","Brasserie De Sutter La Givrée","Brasserie de Sutter","Brasserie de sutter","Witbier","2.69","0.00","EUR","https://www.beerwulf.com/nl-be/p/bieren/brasserie-de-sutter-la-givree.33","https://www.beerwulf.com/globalassets/brasserie-de-sutter-la-givree.33_1_2.png?w=100&h=100","https://www.beerwulf.com/globalassets/brasserie-de-sutter-la-givree.33_1_2.png?w=400&h=400","414","Een fris, licht zuur witbier. Fruitig aroma. Zacht en ronde smaak.","26,85","true"
"La-Trappe-Witte-Trappist.33_1","8711406995631","La Trappe Witte Trappist","Bierbrouwerij De Koningshoeven","La trappe","Witbier","2.29","0.00","EUR","https://www.beerwulf.com/nl-be/p/bieren/la-trappe-witte-trappist.33","https://www.beerwulf.com/globalassets/la-trappe-witte-trappist.33_1_1.png?w=100&h=100","https://www.beerwulf.com/globalassets/la-trappe-witte-trappist.33_1_1.png?w=400&h=400","414","Eerste Trappisten witbier. Prima verfrissend alternatief voor een Pilsener. Smaakvol en dorstlessend met meer frisheid dan bitterheid.","26,85","true"
"Brasserie-De-Sutter-Sombre-Folle33_1","3770004616329","Brasserie De Sutter Sombre Folle","Brasserie de Sutter","Brasserie de sutter","Brown Ale","2.99","0.00","EUR","https://www.beerwulf.com/nl-be/p/bieren/brasserie-de-sutter-sombre-folle33","https://www.beerwulf.com/globalassets/brasserie-de-sutter-sombre-folle33_1_2.png?w=100&h=100","https://www.beerwulf.com/globalassets/brasserie-de-sutter-sombre-folle33_1_2.png?w=400&h=400","414","Deze volle, dikke dubbel heeft een goede mout basis. In het aroma zitten geuren van karamel, bloemen en het heeft iets zeep-igs. De nasmaak is lang, kruidig en vol van karamel.","26,85","true"
"Pax-Pils25_1","5413699010178","Pax Pils","Brouwerij Cornelissen","Pax","Pilsner & Hoppy Lager","1.79","0.00","EUR","https://www.beerwulf.com/nl-be/p/bieren/pax-pils25","https://www.beerwulf.com/globalassets/pax-pils25_1_1.png?w=100&h=100","https://www.beerwulf.com/globalassets/pax-pils25_1_1.png?w=400&h=400","414","Moutige Pils gebrouwen volgens aloude Belgische pilstraditie. Zoet moutig, verfrissend met een bescheiden bitterheid.","26,85","true"
"Walhalla-Ares.33_1","8716685012758","Walhalla Ares","Walhalla Craft Beer","Walhalla","Amber & Red Ale","3.09","0.00","EUR","https://www.beerwulf.com/nl-be/p/bieren/walhalla-ares.33","https://www.beerwulf.com/globalassets/walhalla-ares.33_1_1.png?w=100&h=100","https://www.beerwulf.com/globalassets/walhalla-ares.33_1_1.png?w=400&h=400","414","Hoppige Amber, die een mooie balans biedt in mout en hop tonen, denk aan karamel van de mout en een grasachtige toets van de hop. De afdronk is mooi bitter en iets droog, die uitnodigt tot een volgende slok.","26,85","true"
"Frankendael-Three-Idiots-Tripel-Spiced-T.I.T.S..33_1","8719326017921","Frankendael Three Idiots Tripel Spiced (T.I.T.S.)","Frankendael Brewing","Frankendael","Tripel Bier","3.09","0.00","EUR","https://www.beerwulf.com/nl-be/p/bieren/frankendael-three-idiots-tripel-spiced-t.i.t.s..33","https://www.beerwulf.com/globalassets/frankendael-three-idiots-tripel-spiced-t.i.t.s..33_1_1.png?w=100&h=100","https://www.beerwulf.com/globalassets/frankendael-three-idiots-tripel-spiced-t.i.t.s..33_1_1.png?w=400&h=400","414","TITS staat voor Three Idiots Tripel Spiced. Deze zware, fruitige tripel is verrijkt met koriander, sinaasappelschil en met Sichuan peper. Veel fruit, veel kruidigheid en een licht bittertje.","26,85","true"
"Paljas-Blond.33_1","5415152000016","Paljas Blond","Brouwerij Henricus","Paljas","Blond Bier","2.29","0.00","EUR","https://www.beerwulf.com/nl-be/p/bieren/paljas-blond.33","https://www.beerwulf.com/globalassets/paljas-blond.33_1_1.png?w=100&h=100","https://www.beerwulf.com/globalassets/paljas-blond.33_1_1.png?w=400&h=400","414","Zoete fruitige Blond met een lichte kruidigheid. Toegankelijk met een fraaie balans en een bescheiden bitterheid in de nasmaak.","26,85","true"
"Paljas-IPA.33_1","5415152000313","Paljas IPA","Brouwerij Henricus","Paljas","IPA","2.29","0.00","EUR","https://www.beerwulf.com/nl-be/p/bieren/paljas-ipa.33","https://www.beerwulf.com/globalassets/paljas-ipa.33_1_1.png?w=100&h=100","https://www.beerwulf.com/globalassets/paljas-ipa.33_1_1.png?w=400&h=400","414","Amberkleurige IPA met een opvallende sappigheid. Delicate fruitige aroma’s, die doen denken aan stuivende witte wijnen.","26,85","true"
"La-Trappe-Quadrupel33_1","8711406995495","La Trappe Quadrupel","Bierbrouwerij De Koningshoeven","La trappe","Quadrupel","2.69","0.00","EUR","https://www.beerwulf.com/nl-be/p/bieren/la-trappe-quadrupel33","https://www.beerwulf.com/globalassets/la-trappe-quadrupel33_1_1.png?w=100&h=100","https://www.beerwulf.com/globalassets/la-trappe-quadrupel33_1_1.png?w=400&h=400","414","Zeer rijke en complexe Quadrupel met zoete smaken van karamel, gedroogd fruit en toffee.","26,85","true"
"LAmbree-Sans-Gluten-de-Vezelay.25_1","3760222501699","L'Ambrée Sans Gluten de Vézelay","Brasserie de Vézelay","Brasserie de vezelay","Amber & Red Ale","2.69","0.00","EUR","https://www.beerwulf.com/nl-be/p/bieren/lambree-sans-gluten-de-vezelay.25","https://www.beerwulf.com/globalassets/lambree-sans-gluten-de-vezelay.25_1_1.png?w=100&h=100","https://www.beerwulf.com/globalassets/lambree-sans-gluten-de-vezelay.25_1_1.png?w=400&h=400","414","Glutenvrij amber bier met veel graan aroma’s. Broodachtig en tonen van karamel.","26,85","true"
"LIPA-de-Vezelay.5_1","3760222500616","L'IPA de Vézelay","Brasserie de Vézelay","Brasserie de vézelay","IPA","4.49","0.00","EUR","https://www.beerwulf.com/nl-be/p/bieren/lipa-de-vezelay.5","https://www.beerwulf.com/globalassets/lipa-de-vezelay.5_1_1.png?w=100&h=100","https://www.beerwulf.com/globalassets/lipa-de-vezelay.5_1_1.png?w=400&h=400","414","Een ronde India Pale Ale met een hopkarakter met wat kruidige en fruitige aroma’s. De zoete moutige basis vormt een stevig fundament.","26,85","true"
"100-Watt-Allure.33_1","8717953244017","100 Watt Allure","Stadsbrouwerij Eindhoven","100 watt","Pale Ale","2.99","0.00","EUR","https://www.beerwulf.com/nl-be/p/bieren/100-watt-allure.33","https://www.beerwulf.com/globalassets/100-watt-allure.33_1_0.png?w=100&h=100","https://www.beerwulf.com/globalassets/100-watt-allure.33_1_0.png?w=400&h=400","414","Lekker hoppige American Pale Ale. Dit blonde bier heeft een hoop citrus, kruidigheid en zoetheid van de mout. De afdronk is bitter.","26,85","true"
"Brasserie-Des-Cimes-Yeti.33_1","3760027050118","Brasserie Des Cimes Yéti ","Brasserie des Cimes","Brasserie des cimes","Tripel Bier","2.89","0.00","EUR","https://www.beerwulf.com/nl-be/p/bieren/brasserie-des-cimes-yeti.33","https://www.beerwulf.com/globalassets/brasserie-des-cimes-yeti.33_1_1.png?w=100&h=100","https://www.beerwulf.com/globalassets/brasserie-des-cimes-yeti.33_1_1.png?w=400&h=400","414","Dit goudkleurig bier is geurig en aromatisch. De smaak is aanwezig, sterk honing smaak met een beetje gist. De nasmaak is lang en aanwezig.","26,85","true"
"Brasserie-Des-Cimes-Imperial-Stout.33_1","3760027050927","Brasserie Des Cimes Impérial Stout","Brasserie des Cimes","Brasserie des cimes","Stout & Porter","3.69","0.00","EUR","https://www.beerwulf.com/nl-be/p/bieren/brasserie-des-cimes-imperial-stout.33","https://www.beerwulf.com/globalassets/brasserie-des-cimes-imperial-stout.33_1_0.png?w=100&h=100","https://www.beerwulf.com/globalassets/brasserie-des-cimes-imperial-stout.33_1_0.png?w=400&h=400","414","Dit zwarte bier is moutig, zoet en licht bitter. De smaak zit vol met kleine smaken van koffie, chocolade, gebraden vlees en gebakken groente. De nasmaak is lang en intens","26,85","true"
"La-Bleue-du-Mont-Blanc.33_1","3760023250413","La Bleue du Mont Blanc","Brasserie Du Mont Blanc","Brasserie du mont blanc","Fruitbier","2.79","0.00","EUR","https://www.beerwulf.com/nl-be/p/bieren/la-bleue-du-mont-blanc.33","https://www.beerwulf.com/globalassets/la-bleue-du-mont-blanc.33_1_1.png?w=100&h=100","https://www.beerwulf.com/globalassets/la-bleue-du-mont-blanc.33_1_1.png?w=400&h=400","414","Dit zoete bier lijkt bijna limonade. De blauwe bosbessen voeren de boventoon. Achter proef je nog wat alcohol en dan ook een beetje bier.De gluten zijn verwijderd tijdens het brouwproces - iedere batch is getest tot onder 20ppm.","26,85","true"
"Atlantic-Rubis-des-Gabariers.33_1","3770001232072","Atlantic Rubis des Gabariers","Brasserie des Gabariers","Brasserie des gabariers","Amber & Red Ale","2.99","0.00","EUR","https://www.beerwulf.com/nl-be/p/bieren/atlantic-rubis-des-gabariers.33","https://www.beerwulf.com/globalassets/atlantic-rubis-des-gabariers.33_1_0.png?w=100&h=100","https://www.beerwulf.com/globalassets/atlantic-rubis-des-gabariers.33_1_0.png?w=400&h=400","414","Dit rood gekleurd bier is zoet, fruitig en zoet. Het zoetig doet denken aan een belgisch zoet fruitbier met kersen. De smaak en nasmaak blijft lang in de mond hangen.","26,85","true"
"Belgosapiens-Polarius.33_1","5425039110042","Belgosapiens Polarius","Belgo Sapiens Brewers","Belgosapiens","Pilsner & Hoppy Lager","2.49","0.00","EUR","https://www.beerwulf.com/nl-be/p/bieren/belgosapiens-polarius.33","https://www.beerwulf.com/globalassets/belgosapiens-polarius.33_1_0.png?w=100&h=100","https://www.beerwulf.com/globalassets/belgosapiens-polarius.33_1_0.png?w=400&h=400","414","Een soepele Pilsener met een smaakvolle bitterheid. Een dorstlessende mix tussen Belgische en Duits pils.","26,85","true"
"Swinckels-Superieur-Pilsner.33_1","8714800033671","Swinckels' Superieur Pilsner","Royal Swinckels Family Brewers","Swinckels'","Pilsner & Hoppy Lager","2.19","0.00","EUR","https://www.beerwulf.com/nl-be/p/bieren/swinckels-superieur-pilsner.33","https://www.beerwulf.com/globalassets/swinckels-superieur-pilsner.33_1_1.png?w=100&h=100","https://www.beerwulf.com/globalassets/swinckels-superieur-pilsner.33_1_1.png?w=400&h=400","414","Swinckels is een Pilsener met een volle, zachte smaak. De balans tussen mout en hop zorgt voor een ronde vriendelijke bitterheid. Geschikt als aperitief én digestief.","26,85","true"
"Lefort-Belgian-Brown-Ale.33_1","5411858000190","Lefort Belgian Brown Ale","Brouwerij Omer Vander Ghinste","Lefort","Quadrupel","2.69","0.00","EUR","https://www.beerwulf.com/nl-be/p/bieren/lefort-belgian-brown-ale.33","https://www.beerwulf.com/globalassets/lefort-belgian-brown-ale.33_1_1.png?w=100&h=100","https://www.beerwulf.com/globalassets/lefort-belgian-brown-ale.33_1_1.png?w=400&h=400","414","Donkerbruin bier met een zoete karamelsmaak met fruitige en kruidige tonen. Zoetheid voert de boventoon in dit zware Belgische bier. ","26,85","true"
"Palm-0.0.25_1","5410783031019","Palm 0.0","Brouwerij Palm","Palm","Pale Ale","1.89","0.00","EUR","https://www.beerwulf.com/nl-be/p/bieren/palm-0.0.25","https://www.beerwulf.com/globalassets/palm-0.0.25_1_1.png?w=100&h=100","https://www.beerwulf.com/globalassets/palm-0.0.25_1_1.png?w=400&h=400","414","Een dorstlessende alcoholarme Pilsener met een gebrand moutig karakter en verrassende bitterheid. ","26,85","true"
"Brand-Weizen-0.0.3_1","0000087232424","Brand Weizen 0.0","Brand Bierbrouwerij","Brand","Weizenbier","1.79","0.00","EUR","https://www.beerwulf.com/nl-be/p/bieren/brand-weizen-0.0.3","https://www.beerwulf.com/globalassets/brand-weizen-0.0.3_1_1.png?w=100&h=100","https://www.beerwulf.com/globalassets/brand-weizen-0.0.3_1_1.png?w=400&h=400","414","Alcoholvrije Weizen met een volle smaak. Fruitig en verfrissend.","26,85","true"
"Arend-Tripel.33_1","5425014687019","Arend Tripel","Brouwerij De Ryck","Arend","Tripel Bier","2.42","0.00","EUR","https://www.beerwulf.com/nl-be/p/bieren/arend-tripel.33","https://www.beerwulf.com/globalassets/arend-tripel.33_1_0.png?w=100&h=100","https://www.beerwulf.com/globalassets/arend-tripel.33_1_0.png?w=400&h=400","414","Een volle en krachtige Tripel uit België. Mooie fruitige en bloemige smaken die worden aangevuld door een volle moutigheid. Lichte zoete bitterheid in de afdronk.","26,85","true"
"Lindemans-Apple.25_1","5411223030036","Lindemans Apple","Brouwerij Lindemans","Lindemans","Fruitbier","2.19","0.00","EUR","https://www.beerwulf.com/nl-be/p/bieren/lindemans-apple.25","https://www.beerwulf.com/globalassets/lindemans-apple.25_1_1.png?w=100&h=100","https://www.beerwulf.com/globalassets/lindemans-apple.25_1_1.png?w=400&h=400","414","Fruitbier met een friszure basis. Veel zoetheid ook, die het bier een aroma van snoepjes geeft.","26,85","true"
"La-Trappe-Isidor33_1","8711406031766","La Trappe Isid'or","Bierbrouwerij De Koningshoeven","La trappe","Amber & Red Ale","2.59","0.00","EUR","https://www.beerwulf.com/nl-be/p/bieren/la-trappe-isidor33","https://www.beerwulf.com/globalassets/la-trappe-isidor33_1_1.png?w=100&h=100","https://www.beerwulf.com/globalassets/la-trappe-isidor33_1_1.png?w=400&h=400","414","Dit Trappistenbier is vernoemd naar Broeder Isidorus, de eerste brouwer van de abdij. Dit bier is fruitig in het begin en krijgt dan een fraaie zachte karameltoets.","26,85","true"
"Lowlander-Ginger--Kaffir-Lime.33_1","8717953278357","Lowlander Ginger & Kaffir Lime","Lowlander","Lowlander","Fruitbier","2.79","0.00","EUR","https://www.beerwulf.com/nl-be/p/bieren/lowlander-ginger--kaffir-lime.33","https://www.beerwulf.com/globalassets/lowlander-ginger--kaffir-lime.33_1_1.png?w=100&h=100","https://www.beerwulf.com/globalassets/lowlander-ginger--kaffir-lime.33_1_1.png?w=400&h=400","414","Een laag alcoholisch bier vol kruidige geuren en een pittige smaak. Een gekruid bier met veel citrusaroma’s, maar bovenal is het de gember die prikkelt.","26,85","true"
"Brussels-Beer-Project-Jungle-Joy.33_1","5411283000246","Brussels Beer Project Jungle Joy","Brussels Beer Project","Brussels beer project","Dubbel Bier","2.99","0.00","EUR","https://www.beerwulf.com/nl-be/p/bieren/brussels-beer-project-jungle-joy.33","https://www.beerwulf.com/globalassets/brussels-beer-project-jungle-joy.33_1_1.png?w=100&h=100","https://www.beerwulf.com/globalassets/brussels-beer-project-jungle-joy.33_1_1.png?w=400&h=400","414","Zoet en fruitig bier. Verfrissend en vol met mango en passievrucht.","26,85","true"
"Brixton-Low-Voltage.33_1","0797776131112","Brixton Low Voltage","Brixton Brewery","Brixton","IPA","2.69","0.00","EUR","https://www.beerwulf.com/nl-be/p/bieren/brixton-low-voltage.33","https://www.beerwulf.com/globalassets/brixton-low-voltage.33_1_0.png?w=100&h=100","https://www.beerwulf.com/globalassets/brixton-low-voltage.33_1_0.png?w=400&h=400","414","Het perfecte voorbeeld van een IPA: hoppig, licht en smaakvol. Barstensvol aroma’s van tropische vruchten. Een zoete smaak met een lange en bittere afdronk.","26,85","true"
"Wolfscraft-Brutal-Alkoholfrei.33_1","4260473460060","Wolfscraft Brutal Alkoholfrei","Wolfscraft","Wolfscraft","Pilsner & Hoppy Lager","2.29","0.00","EUR","https://www.beerwulf.com/nl-be/p/bieren/wolfscraft-brutal-alkoholfrei.33","https://www.beerwulf.com/globalassets/wolfscraft-brutal-alkoholfrei.33_1_1.png?w=100&h=100","https://www.beerwulf.com/globalassets/wolfscraft-brutal-alkoholfrei.33_1_1.png?w=400&h=400","414","Hoppig alcoholarm bier zonder krachtige bitterheid. Zacht fruitige body met een thee-achtige afdronk.","26,85","true"
"Wolfscraft-Frisch-Pils.33_1","4260473460015","Wolfscraft Frisch Pils ","Wolfscraft","Wolfscraft","Pilsner & Hoppy Lager","2.69","0.00","EUR","https://www.beerwulf.com/nl-be/p/bieren/wolfscraft-frisch-pils.33","https://www.beerwulf.com/globalassets/catalog/beerwulf/beers/sour-beer/wolfscraft_frisch-pils.png?w=100&h=100","https://www.beerwulf.com/globalassets/catalog/beerwulf/beers/sour-beer/wolfscraft_frisch-pils.png?w=400&h=400","414","Biologische, ongefilterde pils met een moderne twist. Fruitige geur waar je kruisbessen in kan herkennen. De zoetige smaak en medium-bittere afdronk zijn in balans.
","26,85","true"
"La-Guillotine.33_1","5412186000135","La Guillotine","Brouwerij L. Huyghe","Huyghe","Blond Bier","2.89","0.00","EUR","https://www.beerwulf.com/nl-be/p/bieren/la-guillotine.33","https://www.beerwulf.com/globalassets/la-guillotine.33_1_1.png?w=100&h=100","https://www.beerwulf.com/globalassets/la-guillotine.33_1_1.png?w=400&h=400","414","Sterk Belgisch Blond bier met fruitige aroma's van peer en iets citrus. Redelijk zoet van smaak, welke in balans is met de bitters. De afdronk is medium bitter en verwarmend.","26,85","true"
"La-Blonde-du-Mont-Blanc.33_1","3760023241015","La Blonde du Mont Blanc","Brasserie Du Mont Blanc","Brasserie du mont blanc","Blond Bier","2.79","0.00","EUR","https://www.beerwulf.com/nl-be/p/bieren/la-blonde-du-mont-blanc.33","https://www.beerwulf.com/globalassets/la-blonde-du-mont-blanc.33_1_1.png?w=100&h=100","https://www.beerwulf.com/globalassets/la-blonde-du-mont-blanc.33_1_1.png?w=400&h=400","414","Dit blonde bier is zoet en een lage intensiteit. Het mondgevoel is zacht en waterig. De nasmaak kort en zacht.De gluten zijn verwijderd tijdens het brouwproces - iedere batch is getest tot onder 20ppm.","26,85","true"
"Kapittel-Watou-Blond-6.33_1","5412896000432","Kapittel Watou Blond 6","Brouwerij Van Eecke","Kapittel","Blond Bier","2.09","0.00","EUR","https://www.beerwulf.com/nl-be/p/bieren/kapittel-watou-blond-6.33","https://www.beerwulf.com/globalassets/kapittel-watou-blond-6.33_1_1.png?w=100&h=100","https://www.beerwulf.com/globalassets/kapittel-watou-blond-6.33_1_1.png?w=400&h=400","414","Belgisch blond met een grote schuimkraag. Zoet, fruitig met tonen van citrus en een licht zuurtje.","26,85","true"
"Het-Nest-Pokerface.33_1","5425029490536","Het Nest Pokerface","Het Nest","Het nest","Witbier","2.29","0.00","EUR","https://www.beerwulf.com/nl-be/p/bieren/het-nest-pokerface.33","https://www.beerwulf.com/globalassets/het-nest-pokerface.33_1_1.png?w=100&h=100","https://www.beerwulf.com/globalassets/het-nest-pokerface.33_1_1.png?w=400&h=400","414","Vol en fris Witbier. De granigheid van de tarwe proef je en de koriander en curacao dragen bij aan de frisheid.","26,85","true"
"Boon-Oude-Kriek.38_1","5412783053220","Boon Oude Kriek","Brouwerij Boon","Boon","Sour Bier","4.49","0.00","EUR","https://www.beerwulf.com/nl-be/p/bieren/boon-oude-kriek.38","https://www.beerwulf.com/globalassets/boon-oude-kriek.38_1_0.png?w=100&h=100","https://www.beerwulf.com/globalassets/boon-oude-kriek.38_1_0.png?w=400&h=400","414","Strakke, frisse oude kriek met een heel klein zoetje. Voornamelijk fris zuur en fruitig, denk aan groene appels en uiteraard kersen. Vergelijkbaar met een zomerse rosé. De afdronk is schoon, droog en niet bitter.","26,85","true"
"Affligem-Blond-2L-Keg_1","8006890626988","Affligem Blond - SUB Vat","Affligem Brouwerij","Affligem","Blond Bier","7.99","0.00","EUR","https://www.beerwulf.com/nl-be/p/bieren/affligem-blond-2l-tapvat","https://www.beerwulf.com/globalassets/affligem-blond-2l-keg_1_02.png?w=100&h=100","https://www.beerwulf.com/globalassets/affligem-blond-2l-keg_1_02.png?w=400&h=400","414","Goudblond abdijbier met een fijne witte schuimkraag. Verfrissend en vol fruit, citrus fruit en tropisch fruit. Aangenaam bitter in de nasmaak.","26,85","true"
"Liefmans-Kriek-Brut.33_1","5411686700637","Liefmans Kriek Brut","Brouwerij Liefmans","Liefmans","Sour Bier","2.89","0.00","EUR","https://www.beerwulf.com/nl-be/p/bieren/liefmans-kriek-brut.33","https://www.beerwulf.com/globalassets/liefmans-kriek-brut.33_1_1.png?w=100&h=100","https://www.beerwulf.com/globalassets/liefmans-kriek-brut.33_1_1.png?w=400&h=400","414","Dit rood-bruin gekleurde bier heeft een zeer fruitig aroma. De smaak is vol, fruitig en een beetje verfrissend zuur. De nasmaak is lang, zoet en zuur tegelijk.","26,85","true"
"Amstel-TORP----2L-Keg_1","8006890684742","Amstel - SUB Vat","Amstel","Amstel","Lager Bier","5.99","0.00","EUR","https://www.beerwulf.com/nl-be/p/bieren/amstel-2l-tapvat","https://www.beerwulf.com/globalassets/amstel-torp----2l-keg_1_02.png?w=100&h=100","https://www.beerwulf.com/globalassets/amstel-torp----2l-keg_1_02.png?w=400&h=400","414","Volmout pilsener, sinds 1870. Helder, goudgeel bier met een toegankelijke smaak. Zoetig met een bloemige toets en licht bittere afdronk. Perfect om te delen met vrienden. ","26,85","true"
"Edelweiss---2L-Keg_1","8006890685183","Edelweiss Hefetrüb - SUB Vat","Brau Union","Edelweiss","Weizenbier","7.99","0.00","EUR","https://www.beerwulf.com/nl-be/p/bieren/edelweiss-hefetrub-2l-tapvat","https://www.beerwulf.com/globalassets/edelweiss---2l-keg_1_03.png?w=100&h=100","https://www.beerwulf.com/globalassets/edelweiss---2l-keg_1_03.png?w=400&h=400","414","Deze Edelweiss heeft een strogele kleur een een klinke schuimkraag. Aroma's van kruidnagel en groen appels geeft het bier een fruitige smaak. Een minimale zuurheid geeft het bier een verfrissende start welke in smaak wordt gevolgd door tonen van banaan en kruidnagel.","26,85","true"
"Desperados-2L-keg_1","8006890621914","Desperados - SUB Vat","Desperados","Desperados","Lager Bier","8.99","0.00","EUR","https://www.beerwulf.com/nl-be/p/bieren/desperados-2l-tapvat","https://www.beerwulf.com/globalassets/catalog/beerwulf/beers/torps/full-sleeves-without-label/desperados_bw_clear.png?w=100&h=100","https://www.beerwulf.com/globalassets/catalog/beerwulf/beers/torps/full-sleeves-without-label/desperados_bw_clear.png?w=400&h=400","414","Lager bier verrijkt met tequila. Smaakvol en verfrissend met aroma’s van citroen en limoen.","26,85","true"
"Gosser-Zwickl-2L-keg_1","8006890684414","Gösser Zwickl - SUB Vat","Brau Union","Gosser","Lager Bier","6.99","0.00","EUR","https://www.beerwulf.com/nl-be/p/bieren/gosser-zwickl-2l-tapvat","https://www.beerwulf.com/globalassets/gosser-zwickl-2l-keg_1_2.png?w=100&h=100","https://www.beerwulf.com/globalassets/gosser-zwickl-2l-keg_1_2.png?w=400&h=400","414","Oostenrijkse Zwickl of Kellerbier, ongefilterd en daarom van nature troebel. Gebrouwen met vier verschillende soorten mout en Celeia-aromahop uit Leutschach in Stiermarken, Oostenrijk. Zacht van karakter met een fruitige toets.","26,85","true"
"Oproer-Black-Flag.33_1","8717953248480","Oproer Black Flag","Oproer Brouwerij","Oproer","IPA","3.29","0.00","EUR","https://www.beerwulf.com/nl-be/p/bieren/oproer-black-flag.33","https://www.beerwulf.com/globalassets/oproer-black-flag.33_1_1.png?w=100&h=100","https://www.beerwulf.com/globalassets/oproer-black-flag.33_1_1.png?w=400&h=400","414","Dit is een hybride van een Stout en een IPA. Deze Black Flag combineert een sterk hopkarakter met gebrande bitterheid.","26,85","true"
"Fourpure-Session-IPA-2L-Keg_1","8719638659161","Fourpure Hemisphere Session IPA - SUB Vat","Fourpure","Fourpure","IPA","14.99","0.00","EUR","https://www.beerwulf.com/nl-be/p/bieren/hemisphere-session-ipa-2l-tapvat","https://www.beerwulf.com/globalassets/fourpure-session-ipa-2l-keg_1_02.png?w=100&h=100","https://www.beerwulf.com/globalassets/fourpure-session-ipa-2l-keg_1_02.png?w=400&h=400","414","Een frisse en verfrissende sessie IPA met een droge en bittere afdronk, voorafgegaan door fruitige tonen en hints van gras en thee. Fris en dartel, precies de definitie van een sessie-IPA.","26,85","true"
"Vedett-Extra-White.33_1","5411681400310","Vedett Extra White","Brouwerij Duvel Moortgat","Vedett","Witbier","2.29","0.00","EUR","https://www.beerwulf.com/nl-be/p/bieren/vedett-extra-white.33","https://www.beerwulf.com/globalassets/vedett-extra-white.33_1_1.png?w=100&h=100","https://www.beerwulf.com/globalassets/vedett-extra-white.33_1_1.png?w=400&h=400","414","Verfrissend witbier met citrus tonen en een subtiele kruidigheid met een koriander touch.","26,85","true"
"Brussels-Beer-Project-Wunder-Lager_2","5411283000338","Brussels Beer Project Wunder Lager","Brussels Beer Project","Brussels beer project","Pilsner & Hoppy Lager","2.69","0.00","EUR","https://www.beerwulf.com/nl-be/p/bieren/brussels-beer-project-wunder-lager-2e066278","https://www.beerwulf.com/globalassets/brussels-beer-project-wunder-lager_2_1.png?w=100&h=100","https://www.beerwulf.com/globalassets/brussels-beer-project-wunder-lager_2_1.png?w=400&h=400","414","","26,85","true"
"Fagnes-Tripel_1","5425032454013","Fagnes Tripel","Brasserie des Fagnes","Fagnes","Tripel Bier","2.79","0.00","EUR","https://www.beerwulf.com/nl-be/p/bieren/fagnes-tripel","https://www.beerwulf.com/globalassets/fagnes-tripel_1_1.png?w=100&h=100","https://www.beerwulf.com/globalassets/fagnes-tripel_1_1.png?w=400&h=400","414","Zware, oranjekleurige tripel uit Wallonië. Fruitige geuren uit de gist, zoals banaan en abrikoos, in de geur. Daarnaast iets kruidig met een warme, medium bitter afdronk. Belgische verraderlijke heerlijkheid!","26,85","true"
"Les-3-Croquants-Sol-Invictus-III.33_1","0000000776655","Les 3 Croquants Sol Invictus III","Brasserie des 3 Croquants","Les 3 croquants","Barley Wine","4.49","0.00","EUR","https://www.beerwulf.com/nl-be/p/bieren/les-3-croquants-sol-invictus-iii.33","https://www.beerwulf.com/globalassets/les-3-croquants-sol-invictus-iii.33_1_1.png?w=100&h=100","https://www.beerwulf.com/globalassets/les-3-croquants-sol-invictus-iii.33_1_1.png?w=400&h=400","414","Bijzondere combinatie van geroosterde bitterheid en fruitige zuren. Die fruitige zuren, die wat doen denken aan wijn, bepalen de smaak.","26,85","true"
"Tre-Fontane-Scala-Coeli.33_1","0710535344301","Tre Fontane Scala Coeli","Abbazia delle Tre","Tre fontane","Blond Bier","4.69","0.00","EUR","https://www.beerwulf.com/nl-be/p/bieren/tre-fontane-scala-coeli.33","https://www.beerwulf.com/globalassets/tre-fontane-scala-coeli.33_1_1.png?w=100&h=100","https://www.beerwulf.com/globalassets/tre-fontane-scala-coeli.33_1_1.png?w=400&h=400","414","Oranjekleurig trappistenbier uit Italië, met een prettige balans in moutige, kruidige en fruitige smaken. De sinaasappel schillen geven een extra fruitig en bitter karakter. Lichtzoet van smaak met een vrij droge, redelijk bittere afdronk.","26,85","true"
"Choulette-Ambree.33_1","3273190133002","Choulette Ambrée","Brasserie La Choulette","Choulette","Amber & Red Ale","2.49","0.00","EUR","https://www.beerwulf.com/nl-be/p/bieren/choulette-ambree.33","https://www.beerwulf.com/globalassets/choulette-ambree.33_1_0.png?w=100&h=100","https://www.beerwulf.com/globalassets/choulette-ambree.33_1_0.png?w=400&h=400","414","Zoete Biere de Garde met een licht kruidige toets. Ondanks het hoge alcoholpercentage uitstekend doordrinkbaar. Zoete, moutige aroma's met duidelijke karameltonen.","26,85","true"
"Zundert-Trappist-10.33_1","8718754310512","Zundert Trappist 10","Trappistenbrouwerij De Kievit","Zundert trappist","Quadrupel","2.79","0.00","EUR","https://www.beerwulf.com/nl-be/p/bieren/zundert-trappist-10.33","https://www.beerwulf.com/globalassets/zundert-trappist-10.33_1_1.png?w=100&h=100","https://www.beerwulf.com/globalassets/zundert-trappist-10.33_1_1.png?w=400&h=400","414","Zeer rijk en smaakvol Trappistenbier. Deze Quadruppel zit vol zoete, moutige tonen, onder meer toffee en karamel. Daarnaast fruitige tonen van banaan, pruim en gedroogd fruit en een licht kruidige toets, die uitlopt in een karaktervolle bittere finish.","26,85","true"
"Mount-Saint-Bernard-Tynt-Meadow.33_1","5060598500004","Mount Saint Bernard Tynt Meadow","Mount Saint Bernard Abbey","Mount saint bernard","Brown Ale","3.49","0.00","EUR","https://www.beerwulf.com/nl-be/p/bieren/mount-saint-bernard-tynt-meadow.33","https://www.beerwulf.com/globalassets/mount-saint-bernard-tynt-meadow.33_1_1.png?w=100&h=100","https://www.beerwulf.com/globalassets/mount-saint-bernard-tynt-meadow.33_1_1.png?w=400&h=400","414","Het eerste Engelse officiële trappisten is kastanjebruin van kleur en heeft een complexe geur van onder andere gedroogd fruit, karamel en chocola. De volle body, iets kruidige karakter en redelijk droge afdronk maken dat het een prachtige toevoeging is aan de club van trappistenbier.","26,85","true"
"Wieze.33_1","5425036510012","Wieze","Brouwerij De Brabandere","De brabandere","Tripel Bier","2.79","0.00","EUR","https://www.beerwulf.com/nl-be/p/bieren/wieze.33","https://www.beerwulf.com/globalassets/wieze.33_1_1.png?w=100&h=100","https://www.beerwulf.com/globalassets/wieze.33_1_1.png?w=400&h=400","414","Straf Belgisch bier, die een mooie, balans biedt aan moutige, hoppige en kruidige smaken. Komt zoetig over met een vrij droge, medium bittere afdronk. In vergelijking met de meeste tripels weinig fruitig, wat goed uitpakt. Daardoor een tripel met een eigen karakter.","26,85","true"
"Kapittel-Watou-Triple-Abt-10.33_1","5412896000081","Kapittel Watou Triple Abt 10","Brouwerij Van Eecke","Kapittel","Tripel Bier","2.39","0.00","EUR","https://www.beerwulf.com/nl-be/p/bieren/kapittel-watou-triple-abt-10.33","https://www.beerwulf.com/globalassets/kapittel-watou-triple-abt-10.33_1_1.png?w=100&h=100","https://www.beerwulf.com/globalassets/kapittel-watou-triple-abt-10.33_1_1.png?w=400&h=400","414","Belgische tripel, vol van smaak en hoog in alcohol. Zoete smaak met moutige aroma's, alcoholwarmend, lichte kruidigheid en een karaktervolle bitterheid. Alles wat je mag verwachten van een goede tripel.","26,85","true"
"Gallia-Session-IPA.33_1","3700693900133","Gallia Session IPA","Gallia","Gallia","IPA","2.89","0.00","EUR","https://www.beerwulf.com/nl-be/p/bieren/gallia-session-ipa.33","https://www.beerwulf.com/globalassets/gallia-session-ipa.33_1_1.png?w=100&h=100","https://www.beerwulf.com/globalassets/gallia-session-ipa.33_1_1.png?w=400&h=400","414","Verfrissende IPA met weinig alcohol en heel veel fruitige aroma's. Zowel citrus als tropisch fruit stuiven je glas uit bij deze Session IPA.","26,85","true"
"Gallia-West-IPA.33_1","3700693900096","Gallia West IPA","Gallia","Gallia","IPA","2.89","0.00","EUR","https://www.beerwulf.com/nl-be/p/bieren/gallia-west-ipa.33","https://www.beerwulf.com/globalassets/gallia-west-ipa.33_1_2.png?w=100&h=100","https://www.beerwulf.com/globalassets/gallia-west-ipa.33_1_2.png?w=400&h=400","414","Frisse en doordrinkbare West Coast IPA. Veel fruitige aromas van steenfruit, zoals perzik. Zeer soepele bitterheid in de finish.","26,85","true"
"Gallia-Lager.33_1","3700693900065","Gallia Lager","Gallia","Gallia","Blond Bier","2.59","0.00","EUR","https://www.beerwulf.com/nl-be/p/bieren/gallia-lager.33","https://www.beerwulf.com/globalassets/gallia-lager.33_1_2.png?w=100&h=100","https://www.beerwulf.com/globalassets/gallia-lager.33_1_2.png?w=400&h=400","414","Smaakvolle, ongefilterde Lager, met subtiele aroma's van citrus met een bloemige toets uit de hop. Iets mout-zoetig van smaak met een medium bittere afdronk, die redelijk droog is. Een Lager die net even wat meer biedt.","26,85","true"
"Beavertown-Bloody-Ell.33_1","5060386620204","Beavertown Bloody Ell","Beavertown Brewery","Beavertown","IPA","2.69","0.00","EUR","https://www.beerwulf.com/nl-be/p/bieren/beavertown-bloody-ell.33","https://www.beerwulf.com/globalassets/beavertown-bloody-ell2.33_1_0?w=100&h=100","https://www.beerwulf.com/globalassets/beavertown-bloody-ell2.33_1_0?w=400&h=400","414","","26,85","true"
"Baptist-IPA.33_1","5411663000774","Baptist IPA","Brouwerij Van Steenberge","Baptist","IPA","2.39","0.00","EUR","https://www.beerwulf.com/nl-be/p/bieren/baptist-ipa.33","https://www.beerwulf.com/globalassets/baptist-ipa.33_1_1.png?w=100&h=100","https://www.beerwulf.com/globalassets/baptist-ipa.33_1_1.png?w=400&h=400","414","Zacht heldere IPA met een hoppig karakter. Lichte fruitige en bloemige tonen en een zeer zachte licht bittere afdronk.","26,85","true"
"Baptist-Blond.33_1","5411663002761","Baptist Blond","Brouwerij Van Steenberge","Baptist","Blond Bier","1.59","0.00","EUR","https://www.beerwulf.com/nl-be/p/bieren/baptist-blond.33","https://www.beerwulf.com/globalassets/baptist-blond.33_1_1.png?w=100&h=100","https://www.beerwulf.com/globalassets/baptist-blond.33_1_1.png?w=400&h=400","414","Zoete Belgische Blond met moutig karakter en kruidige tonen. Vol goudblond bier met zoete afdronk.","26,85","true"
"Brand-Session-IPA---2L-Keg_1","8006890687033","Brand Session IPA - SUB Vat","Brand Bierbrouwerij","Brand","IPA","7.99","0.00","EUR","https://www.beerwulf.com/nl-be/p/bieren/brand-session-ipa-2l-tapvat","https://www.beerwulf.com/globalassets/brand-session-ipa---2l-keg_1_1.png?w=100&h=100","https://www.beerwulf.com/globalassets/brand-session-ipa---2l-keg_1_1.png?w=400&h=400","414","Brand Session IPA, het winnende bier van Jeroen Free, winnaar van de Brand Bierbrouwwedstrijd 2017. Deze session IPA is soepel en smaakvol. Subtiele aroma’s van tropisch fruit en citrus, zoals je van een IPA verwacht. De lichte body en milde bitter, welke goed in balans is met het zoetje uit de mout, maken het toegankelijk Session IPA.","26,85","true"
"Lowlander-0-Wit.33_1","8719992646029","Lowlander 0% Wit","Lowlander","Lowlander","Witbier","2.49","0.00","EUR","https://www.beerwulf.com/nl-be/p/bieren/lowlander-0-wit.33","https://www.beerwulf.com/globalassets/lowlander-0-wit.33_1_1.png?w=100&h=100","https://www.beerwulf.com/globalassets/lowlander-0-wit.33_1_1.png?w=400&h=400","414","Verfrissend bleekgeel alcoholvrij Witbier duurzaam gebrouwen met sinaasappel- en citroenschillen uit de horeca.","26,85","true"
"Petrus-Aged-Red.33_1","0875213000600","Petrus Red","Brouwerij De Brabandere","Petrus","Sour Bier","2.39","0.00","EUR","https://www.beerwulf.com/nl-be/p/bieren/petrus-aged-red.33","https://www.beerwulf.com/globalassets/petrus-aged-red.33_1_0.png?w=100&h=100","https://www.beerwulf.com/globalassets/petrus-aged-red.33_1_0.png?w=400&h=400","414","Een mooie complexe blend van zuur foederbier met krieken en een dubbel. Zoet van smaak met een mooi en smakelijk zuurtje. Volle body, veel vanille en toch lekker fris!","26,85","true"
"Poperings-Hommelbier.33_1","5412896006335","Poperings Hommelbier","Brouwerij Van Eecke","Poperings","Blond Bier","1.87","0.00","EUR","https://www.beerwulf.com/nl-be/p/bieren/poperings-hommelbier.33","https://www.beerwulf.com/globalassets/poperings-hommelbier.33_1_1.png?w=100&h=100","https://www.beerwulf.com/globalassets/poperings-hommelbier.33_1_1.png?w=400&h=400","414","Goudblond bier met een zeer royale witte schuimkraag. Veel citrusfruit, zoete mouttonen en een aangenaam bittere afdronk.","26,85","true"
"Kompaan-Bock-TORP---2L-Keg_1","7106618774555","Kompaan Bocks - SUB Vat","Brouwerij Kompaan","Kompaan","Bockbier","18.49","0.00","EUR","https://www.beerwulf.com/nl-be/p/bieren/kompaan-bock-2l-vat","https://www.beerwulf.com/globalassets/kompaan-bock-torp---2l-keg_1_0.png?w=100&h=100","https://www.beerwulf.com/globalassets/kompaan-bock-torp---2l-keg_1_0.png?w=400&h=400","414","Bocks is een ondergistend bockbier met een donkerbruine kleur en is gebrouwen met vijgen. Een vrij volle bock met aroma’s van karamel, laurier en geroosterde mout. Zoetig van smaak met een aangename bitterheid in de afdronk.","26,85","true"
"Orchard-Thieves-Draught-Selection---2L-Keg_1","8006890687026","Orchard Thieves Draught Selection - SUB Vat","Orchard Thieves","Orchard thieves","Cider","7.49","0.00","EUR","https://www.beerwulf.com/nl-be/p/bieren/orchard-thieves-draught-selection---2l-keg","https://www.beerwulf.com/globalassets/orchard-thieves-draught-selection---2l-keg_1_1.png?w=100&h=100","https://www.beerwulf.com/globalassets/orchard-thieves-draught-selection---2l-keg_1_1.png?w=400&h=400","414","Zoete appelcider, vol van smaak. Rode appels domineren de smaak.","26,85","true"
"Kompaan-Sassy-Threesome_2","8718868044693","Kompaan Sassy Threesome","Brouwerij Kompaan","Kompaan","Tripel Bier","2.95","0.00","EUR","https://www.beerwulf.com/nl-be/p/bieren/kompaan-sassy-threesome-","https://www.beerwulf.com/globalassets/kompaan-sassy-threesome_2_1.png?w=100&h=100","https://www.beerwulf.com/globalassets/kompaan-sassy-threesome_2_1.png?w=400&h=400","414","Krachtige tripel met een fruitig aroma van de gist, zoals peer en abrikoos, die mooi combineert met sinaasappel aroma's. Vrij zoet van smaak met een hint koriander. De afdronk is zacht en mild.","26,85","true"
"Barcelona-Beer-Company-La-Bella-Lola_2","8437013668170","Barcelona Beer Company La Bella Lola","Barcelona Beer Company","Barcelona beer companny","Pale Ale","2.79","0.00","EUR","https://www.beerwulf.com/nl-be/p/bieren/barcelona-beer-company-la-bella-lola-","https://www.beerwulf.com/globalassets/barcelona-beer-company-la-bella-lola_2_1.png?w=100&h=100","https://www.beerwulf.com/globalassets/barcelona-beer-company-la-bella-lola_2_1.png?w=400&h=400","414","","26,85","true"
"Melusine-Bio_2","3760057680309","Mélusine Bio","Brasserie Mélusine","Melusine","Pale Ale","2.59","0.00","EUR","https://www.beerwulf.com/nl-be/p/bieren/melusine-bio.33","https://www.beerwulf.com/globalassets/melusine-bio_2_1.png?w=100&h=100","https://www.beerwulf.com/globalassets/melusine-bio_2_1.png?w=400&h=400","414","Zachte, biologische Pale Ale met fruitige en granige aroma’s. Het bier is licht mousserend en bevat tonen van honing en een licht bittertje in de afdronk.","26,85","true"
"Melusine-Blanche-Ecume_2","3760057680262","Mélusine Blanche Ecume","Brasserie Mélusine","Melusine","Witbier","2.59","0.00","EUR","https://www.beerwulf.com/nl-be/p/bieren/melusine-blanche-ecume.33","https://www.beerwulf.com/globalassets/melusine-blanche-ecume_2_1.png?w=100&h=100","https://www.beerwulf.com/globalassets/melusine-blanche-ecume_2_1.png?w=400&h=400","414","Licht troebel Witbier met frisse tonen van citrus met een warme moutigheid. Vol van smaak, gebrouwen met ambacht.","26,85","true"
"Melusine-Korlene_2","3594550003316","Mélusine Via Crucis","Brasserie Mélusine","Melusine","Brown Ale","2.59","0.00","EUR","https://www.beerwulf.com/nl-be/p/bieren/melusine-korlene.33","?w=100&h=100","?w=400&h=400","414","Een smaakvol bruin bier. Lekker moutig in geur en smaak dat wordt aangevuld door een licht bittertje.","26,85","true"
"Het-Nest-Schuppenboer-Belgian-Owl-Barrel-Aged_2","5425029491311","Het Nest Schuppenboer Belgian Owl Barrel Aged","Het Nest","Het nest","Tripel Bier","2.54","0.00","EUR","https://www.beerwulf.com/nl-be/p/bieren/het-nest-schuppenboer-belgian-owl-barrel-aged.33","https://www.beerwulf.com/globalassets/het-nest-schuppenboer-belgian-owl-barrel-aged_2_1.png?w=100&h=100","https://www.beerwulf.com/globalassets/het-nest-schuppenboer-belgian-owl-barrel-aged_2_1.png?w=400&h=400","414","Deze tripel heeft gerijpt op Belgische whisky vaten, dat geeft een duidelijke geur van vanille en bourbon. De cascade aromahop geeft een hoppige grapefruit toets, wat in de afdronk mooi samenkomt met de vanille smaak. Een klassieke tripel met een bijzondere twist.","26,85","true"
"Brouwerij-de-Brabandere-Petrus-Cherry-Chocolate-Nitro-Quad_2","0875213001522","Brouwerij de Brabandere Petrus Cherry Chocolate Nitro Quad","Brouwerij de Brabandere","Petrus","Quadrupel","2.69","0.00","EUR","https://www.beerwulf.com/nl-be/p/bieren/brouwerij-de-brabandere-petrus-cherry-chocolate-nitro-quad.33","https://www.beerwulf.com/globalassets/brouwerij-de-brabandere-petrus-cherry-chocolate-nitro-quad_2_1.png?w=100&h=100","https://www.beerwulf.com/globalassets/brouwerij-de-brabandere-petrus-cherry-chocolate-nitro-quad_2_1.png?w=400&h=400","414","De stikstof - nitro - geeft deze Quadrupel een zacht mondgevoel en een kleine fijne schuimkraag. Er zijn zes soorten mout gebruikt die zorgen voor intense aroma’s van karamel en chocolade. De kersen zorgen voor een extra dimensie.","26,85","true"
"Desperados-RedDraughtKeg5_14704","3119780272716","Desperados Red - Tapvat","Desperados","Desperados","Fruitbier","21.99","0.00","EUR","https://www.beerwulf.com/nl-be/p/bieren/desperados-red-5l-tapvat","https://www.beerwulf.com/globalassets/desperados-reddraughtkeg5_14704_1.png?w=100&h=100","https://www.beerwulf.com/globalassets/desperados-reddraughtkeg5_14704_1.png?w=400&h=400","414","Roodkleurig bier, zoet en vol fruit aroma’s van rood fruit. Verrijkt met tequila, guarana en cachaça.","26,85","true"
"Les-3-Croquants-La-Rousse-du-PrintempsBottle.33_14864","3770008737068","Les 3 Croquants La Rousse du Printemps","Brasserie des 3 Croquants","Les 3 croquants","Amber & Red Ale","2.69","0.00","EUR","https://www.beerwulf.com/nl-be/p/bieren/les-3-croquants-la-rousse-du-printemps-bottle-.33","https://www.beerwulf.com/globalassets/les-3-croquants-la-rousse-du-printempsbottle.33_14864_0.png?w=100&h=100","https://www.beerwulf.com/globalassets/les-3-croquants-la-rousse-du-printempsbottle.33_14864_0.png?w=400&h=400","414","Amberkleurig bier met sterke carameltonen. Gebrande mout, lichte tonen van chocolade en toffee.","26,85","true"
"Mikkeller-Milk-StoutBottle.33_14931","5704255116770","Mikkeller Milk Stout","Mikkeller","Mikkeller","Stout & Porter","4.39","0.00","EUR","https://www.beerwulf.com/nl-be/p/bieren/mikkeller-milk-stout-bottle-.33","https://www.beerwulf.com/globalassets/mikkeller-milk-stoutbottle.33_14931_0.png?w=100&h=100","https://www.beerwulf.com/globalassets/mikkeller-milk-stoutbottle.33_14931_0.png?w=400&h=400","414","Zwart bier met een chocoladebruine schuimkraag. Aroma’s van geroosterde mout, chocolade, mokka en koffie. De lactose zorgt voor een zoete crèmigheid, die de scherpe randjes van de bitterheid haalt.","26,85","true"
"Brlo-C4PO-Westcoast-IPABottle.33_14998","4260402630847","Brlo C4PO Westcoast IPA","BRLO","Brlo","IPA","2.59","0.00","EUR","https://www.beerwulf.com/nl-be/p/bieren/brlo-c4po-westcoast-ipa-bottle-.33","https://www.beerwulf.com/globalassets/brlo-c4po-westcoast-ipabottle.33_14998_0.png?w=100&h=100","https://www.beerwulf.com/globalassets/brlo-c4po-westcoast-ipabottle.33_14998_0.png?w=400&h=400","414","Onze C4PO, een heerlijke interpretatie van twee favorieten, een West Coast IPA en de beroemde droid (met een sterk handelsmerk, kuch), is geprogrammeerd met 4 C-hops: Citra, Cascade, Centennial en Chinook, aangevuld met 7% vermogen van den, citrus en tropisch fruit, voor een perfect gecombineerd droog en bitter brouwsel.","26,85","true"
"Affligem-Fris-BlondBottle.33_15025","5411098731748","Affligem Fris Blond","Affligem Brouwerij","Affligem","Blond Bier","1.79","0.00","EUR","https://www.beerwulf.com/nl-be/p/bieren/affligem-fris-blond-bottle-.33","https://www.beerwulf.com/globalassets/affligem-fris-blondbottle.33_15025_0.png?w=100&h=100","https://www.beerwulf.com/globalassets/affligem-fris-blondbottle.33_15025_0.png?w=400&h=400","414","Helder Blond bier met 4,6% alcohol. Extra verfrissend met een volle smaak en een zachte fruitigheid.","26,85","true"
"Affligem-Belgisch-WitBottle.33_15028","5411098731892","Affligem Belgisch Wit","Affligem Brouwerij","Affligem","Witbier","1.99","0.00","EUR","https://www.beerwulf.com/nl-be/p/bieren/affligem-belgisch-wit-bottle-.33","https://www.beerwulf.com/globalassets/affligem-belgisch-witbottle.33_15028_0.png?w=100&h=100","https://www.beerwulf.com/globalassets/affligem-belgisch-witbottle.33_15028_0.png?w=400&h=400","414","Een verfrissend witbier gekruid met sinaasappelschil en koriander. Het heeft een zachte, rijke smaak en is verrassend doordrinkbaar.","26,85","true"
"Studio-Oedipus-No.-13Bottle.38_15058","8719325266214","Studio Oedipus No. 13","Brouwerij Oedipus","Oedipus","Cider","6.99","0.00","EUR","https://www.beerwulf.com/nl-be/p/bieren/studio-oedipus-no.-13-bottle-.38","https://www.beerwulf.com/globalassets/studio-oedipus-no.-13bottle.38_15058_0.png?w=100&h=100","https://www.beerwulf.com/globalassets/studio-oedipus-no.-13bottle.38_15058_0.png?w=400&h=400","414","","26,85","true"
"Ninkasi-Brut-IPABottle.33_14912","3760029981151","Ninkasi Brut IPA","Ninkasi Fabriques","Ninkasi","IPA","3.29","0.00","EUR","https://www.beerwulf.com/nl-be/p/bieren/ninkasi-brut-ipa-bottle-.33","https://www.beerwulf.com/globalassets/ninkasi-brut-ipabottle.33_14912_0.png?w=100&h=100","https://www.beerwulf.com/globalassets/ninkasi-brut-ipabottle.33_14912_0.png?w=400&h=400","414","Deze nieuwe stijl IPA is in 2017 in San Francisco gemaakt en verrast de smaakpapillen. Deze droge en sprankelende brut IPA biedt fruitige smaken.","26,85","true"
"Brasseurs-Savoyards-BruneBottle.33_14941","3760009538009","Brasseurs Savoyards Brune","Brasseurs Savoyards","Brasseurs savoyards","Brown Ale","2.89","0.00","EUR","https://www.beerwulf.com/nl-be/p/bieren/brasseurs-savoyards-brune-bottle-.33","https://www.beerwulf.com/globalassets/brasseurs-savoyards-brunebottle.33_14941_0.png?w=100&h=100","https://www.beerwulf.com/globalassets/brasseurs-savoyards-brunebottle.33_14941_0.png?w=400&h=400","414","","26,85","true"
"Uddelaer-BlondBottle.25_14892","8716685012734","Uddelaer Blond","Bierbrouwerij De Uddelaer","Uddelaer blond","Blond Bier","3.09","0.00","EUR","https://www.beerwulf.com/nl-be/p/bieren/uddelaer-blond-bottle-.25","https://www.beerwulf.com/globalassets/uddelaer-blondbottle.25_14892_0.png?w=100&h=100","https://www.beerwulf.com/globalassets/uddelaer-blondbottle.25_14892_0.png?w=400&h=400","414","Rijk blond  bier met veel aroma en smaakassociaties. Prima keuze voor op een terrasje,  als  borrel of  bij de maaltijd.","26,85","true"
"Perle-Dans-les-VignesBottle.33_15239","3760188960165","Perle Dans les Vignes","null","Perle","Fruitbier","3.69","0.00","EUR","https://www.beerwulf.com/nl-be/p/bieren/perle-dans-les-vignes-bottle-.33","https://www.beerwulf.com/globalassets/perle-dans-les-vignesbottle.33_15239_0.png?w=100&h=100","https://www.beerwulf.com/globalassets/perle-dans-les-vignesbottle.33_15239_0.png?w=400&h=400","414","Een stevig bier met perzik-, abrikoos- en honingaroma’s, balans van suiker, bitterheid, zuurheid met een fruitige afdronk.","26,85","true"
"Troost-IPACan.33_15098","8718868912848","Troost IPA","Brouwerij Troost","Troost","IPA","2.99","0.00","EUR","https://www.beerwulf.com/nl-be/p/bieren/troost-ipa-can-.33","https://www.beerwulf.com/globalassets/troost-ipacan.33_15098_1.png?w=100&h=100","https://www.beerwulf.com/globalassets/troost-ipacan.33_15098_1.png?w=400&h=400","414","Een donkerblonde India Pale Ale gebrouwen met Amerikaans hop: Ammarillo en Cascade. Deze IPA heeft een ronde bitterheid en een bloemige afdronk dankzij de grote hoeveelheden hop. Ideale fris en licht bittere doordrinker.","26,85","true"
"Hanscraft-&-Co.-Original-HellesBottle.33_15556","4260335780749","Hanscraft & Co. Original Helles","Hanscraft & Co.","Hanscraft & co","Lager Bier","2.24","0.00","EUR","https://www.beerwulf.com/nl-be/p/bieren/hanscraft--co.-original-helles-bottle-.33","https://www.beerwulf.com/globalassets/hanscraft--co.-original-hellesbottle.33_15556_0.png?w=100&h=100","https://www.beerwulf.com/globalassets/hanscraft--co.-original-hellesbottle.33_15556_0.png?w=400&h=400","414","","26,85","true"
"BRLO-German-IPA_Beer_15570","4260402631073","BRLO German IPA","BRLO","Brlo","IPA","2.49","0.00","EUR","https://www.beerwulf.com/nl-be/p/bieren/brlo-german-ipa-bottle-.33","https://www.beerwulf.com/globalassets/brlo-german-ipa_beer_15570_02.png?w=100&h=100","https://www.beerwulf.com/globalassets/brlo-german-ipa_beer_15570_02.png?w=400&h=400","414","Krachtige India Pale Ale gebrouwen met uitsluitend Duitse hoppen. Veel aroma’s van citrusfruit en een stevige bittere afdronk.","26,85","true"
"Maisel--Friends-IPA_Beer_15572","0000040173023","Maisel & Friends IPA","Brauerei Gebr. Maisel","Maisel & friends","IPA","2.39","0.00","EUR","https://www.beerwulf.com/nl-be/p/bieren/maisel--friends-ipa-bottle-.33","https://www.beerwulf.com/globalassets/maisel--friends-ipa_beer_15572_03.png?w=100&h=100","https://www.beerwulf.com/globalassets/maisel--friends-ipa_beer_15572_03.png?w=400&h=400","414","Koperkleurig met een bescheiden schuimkraag. Een evenwichtig bier met enerzijds zoete mouttonen en anderzijds fruitige hoptonen met een stevige bitterheid.","26,85","true"
"Kees-Double-Rye-IPA_2","8718868545459","Kees Double IPA","Brouwerij Kees","Kees","IPA","3.29","0.00","EUR","https://www.beerwulf.com/nl-be/p/bieren/kees-double-rye-ipa-b2f9362a","https://www.beerwulf.com/globalassets/kees-double-rye-ipa_2_1.png?w=100&h=100","https://www.beerwulf.com/globalassets/kees-double-rye-ipa_2_1.png?w=400&h=400","414","Amberkleurig, nevelig met een licht gekleurde schuimkraag. De neus is fruitig, kruidig en licht zoetig. Bitterheid overheerst in de smaak. Naaldboom en citrusfruit volgen op ruimte afstand. De nasmaak is stevig bitter.","26,85","true"
"And-Union-Wednesday-Wheat---SUB-Keg_Beer_20534","7106618770519","And Union Wednesday Wheat - SUB Vat","And Union","And union","Weizenbier","15.49","0.00","EUR","https://www.beerwulf.com/nl-be/p/bieren/and-union-wednesday-wheat-2l-tapvat","https://www.beerwulf.com/globalassets/and-union-wednesday-wheat---sub-keg_beer_20534_0.png?w=100&h=100","https://www.beerwulf.com/globalassets/and-union-wednesday-wheat---sub-keg_beer_20534_0.png?w=400&h=400","414","Volle smaak van een traditionele Duitse Weizen. De brouwers hebben een eigen twist gegeven aan deze klassieker, met meer citrustonen dan gebruikelijk. Rond, zoetig, verfrissend met veel fruitige aroma’s.","26,85","true"
"Hoppebrau-Marzen---SUB-Keg_Beer_21369","7106618769261","Hoppebräu Märzen - SUB Vat","Hoppebräu","Hoppebrau","Lager Bier","15.49","0.00","EUR","https://www.beerwulf.com/nl-be/p/bieren/hoppebrau-marzen-2l-tapvat","https://www.beerwulf.com/globalassets/hoppebrau-marzen---sub-keg_beer_21369_0.png?w=100&h=100","https://www.beerwulf.com/globalassets/hoppebrau-marzen---sub-keg_beer_21369_0.png?w=400&h=400","414","Een klassieke märzen zoals deze hoort te zijn. Moutig en toch fris met een volle, ronde smaak in de mond. Bevat aroma’s van karamel, granen, gras en hooi gecombineerd met een lichte koekjessmaak die heerlijk wegdrinkt dankzij de goede carbonatatie en hoge fermentatie.","26,85","true"
"Gallia-Session-IPA---SUB-Keg_Beer_22279","7106618768530","Gallia Session IPA - SUB Vat","Gallia","Gallia","IPA","15.49","0.00","EUR","https://www.beerwulf.com/nl-be/p/bieren/gallia-session-ipa-2l-tapvat","https://www.beerwulf.com/globalassets/gallia-session-ipa---sub-keg_beer_22279_03.png?w=100&h=100","https://www.beerwulf.com/globalassets/gallia-session-ipa---sub-keg_beer_22279_03.png?w=400&h=400","414","Verfrissende IPA met weinig alcohol en heel veel fruitige aroma's. Zowel citrus als tropisch fruit stuiven je glas uit bij deze Session IPA.","26,85","true"
"Het-Nest-Wild-Card-Raspberry_Beer_22369","5425029491687","Het Nest Wild Card Raspberry","Het Nest","Het nest","Fruitbier","3.39","0.00","EUR","https://www.beerwulf.com/nl-be/p/bieren/het-nest-wild-card-raspberry-bottle.33","https://www.beerwulf.com/globalassets/het-nest-wild-card-raspberry_beer_22369_0.png?w=100&h=100","https://www.beerwulf.com/globalassets/het-nest-wild-card-raspberry_beer_22369_0.png?w=400&h=400","414","Tarwebier met frambozen, dat heeft gerijpt op houten vaten waaraan lactobacillus is toegevoegd. Het resultaat is een fris zuur bier met overduidelijk aroma’s van frambozen.","26,85","true"
"Desperados-voordeelverpakking_1","3155930400530","Desperados voordeelverpakking","null","Beerwulf","Pack","36.99","40.99","EUR","https://www.beerwulf.com/nl-be/p/bierpakketten/desperados-voordeelverpakking","https://www.beerwulf.com/globalassets/4.-products/packs/desperados_box_2.png?w=100&h=100","https://www.beerwulf.com/globalassets/4.-products/packs/desperados_box_2.png?w=400&h=400","414","Nu je favoriete bier in een voordeelverpakking!
Lager bier verrijkt met tequila. Smaakvol en verfrissend met aroma’s van citroen en limoen.","0,00","true"
"Lagunitas-IPA_2","0723830800106","Lagunitas IPA Voordeelverpakking","null","Beerwulf","Pack","55.99","69.99","EUR","https://www.beerwulf.com/nl-be/p/bierpakketten/lagunitas-ipa-45a2dada","https://www.beerwulf.com/globalassets/catalog/beerwulf/beers/value-packs/lagunitas_ipa_box.png?w=100&h=100","https://www.beerwulf.com/globalassets/catalog/beerwulf/beers/value-packs/lagunitas_ipa_box.png?w=400&h=400","414","Nu je favoriete bier in een voordeelverpakking!
Deze bekende ""Westcoast Style"" Amerikaanse IPA is echt het voorbeeld in z'n soort. Het bier geeft fruitige citrus aroma's gecombineerd met dennenachtige geuren. De schoonheid van amerikaanse hoppen wordt maximaal uitgenut. De aroma's worden aangenaam gecombineerd met een licht zoete maar zeker niet dominante body.","0,00","true"
"Tiger-voordeelverpakking_1","0086428210399","Tiger voordeelverpakking","null","Beerwulf","Pack","39.99","52.56","EUR","https://www.beerwulf.com/nl-be/p/bierpakketten/tiger-voordeelverpakking","https://www.beerwulf.com/globalassets/catalog/beerwulf/beers/value-packs/tiger-box---product.png?w=100&h=100","https://www.beerwulf.com/globalassets/catalog/beerwulf/beers/value-packs/tiger-box---product.png?w=400&h=400","414","Nu je favoriete bier in een voordeelverpakking!
Goudgeel bier met een witte schuimkraag. Moutige aroma’s en een zoete moutige smaak. Koud gedronken een uitstekende dorstlesser. ","0,00","true"
"France-Beer-Challenge-2020-Beer-Case_1","","France Beer Challenge 2020 Beer Case","null","Beerwulf","Pack","39.99","0.00","EUR","https://www.beerwulf.com/nl-be/p/bierpakketten/france-biere-challenge-2020","https://www.beerwulf.com/globalassets/france-beer-challenge-2020-beer-case_1_02.png?w=100&h=100","https://www.beerwulf.com/globalassets/france-beer-challenge-2020-beer-case_1_02.png?w=400&h=400","414","In de France Bi&egrave;re Challenge worden speciaalbieren uit Frankrijk door een vakjury beoordeeld op hun stijlkenmerken. In dit bierpakket vind je 12 prijswinnaars van dit jaar, uit verschillende categorie&euml;n. Ontdek het rijke Franse bierlandschap, van bekende biermerken tot onafhankelijke brouwers","0,00","true"
"Lagunitas-beer-case_3","","Lagunitas IPA Bierpakket","null","Beerwulf","Pack","37.99","0.00","EUR","https://www.beerwulf.com/nl-be/p/bierpakketten/lagunitas-edition-bierpakket","https://www.beerwulf.com/globalassets/lagunitas-beer-case_3_04.png?w=100&h=100","https://www.beerwulf.com/globalassets/lagunitas-beer-case_3_04.png?w=400&h=400","414","De Lagunitas Brewing Company uit Petaluma (Californi&euml;) is een van de meest succesvolle brouwerijen van Amerika. Met dit pakket ontdek je de klassiekers van deze brouwer!
Dit pakket bevat: 

4x Lagunitas Day Time
4x Lagunitas IPA
4x Lagunitas A Little Sumpin' Sumpin'
4x Lagunitas 12th of Never 
","0,00","true"
"Affligem-beer-case-6-SKU_Pack_22338","","Affligem Variatie Bierpakket","null","Beerwulf","Pack","28.99","0.00","EUR","https://www.beerwulf.com/nl-be/p/bierpakketten/affligem-variatie","https://www.beerwulf.com/globalassets/affligem-beer-case-6-sku_pack_22338_02.png?w=100&h=100","https://www.beerwulf.com/globalassets/affligem-beer-case-6-sku_pack_22338_02.png?w=400&h=400","414","Proef de kwaliteit en rijke smaak van bijna 1000 jaar brouwtraditie in het Affligem Variatie Bierpakket. In dit pakket vind je naast 3 flessen Affligem Blond, Dubbel, Tripel en Patersvat ook 2 flessen Belgisch Wit en Fris Blond (16 bieren in totaal). Perfect voor een Affligem proeverij!","0,00","true"
"THE-SUB-White-EU-2L_1","3045386374571","The SUB Classic Wit","null","Beerwulf","Biertaps","109.00","169.00","EUR","https://www.beerwulf.com/nl-be/p/biertaps/the-sub-white-uk---2l","https://www.beerwulf.com/globalassets/the-sub-white-eu-2l_1_03.png?w=100&h=100","https://www.beerwulf.com/globalassets/the-sub-white-eu-2l_1_03.png?w=400&h=400","414","Met The SUB Classic Wit tap je in een tijdloze stijl je eigen glazen bier. Deze SUB heeft een pure witte kleur met getextureerd mat gevoel en tapt net zo perfect als hij eruitziet. Kies jouw favoriete bieren uit het aanbod van SUB Vaten, plaats ze in het apparaat waar ze worden gekoeld tot 2 graden en geniet van heerlijk zelfgetapt bier op het comfort van je eigen bank.","26,85","true"
"Brugse-Zot-Blond.33_1","5425017240013","Brugse Zot Blond","Brouwerij De Halve Maan","Brugse","Blond Bier","2.69","0.00","EUR","https://www.beerwulf.com/nl-be/p/bieren/brugse-zot-blond.33","https://www.beerwulf.com/globalassets/brugse-zot-blond.33_1_1.png?w=100&h=100","https://www.beerwulf.com/globalassets/brugse-zot-blond.33_1_1.png?w=400&h=400","414","Gebrouwen bij Brouwerij De Halve Maan in het centrum van Brugge. Goudkleurig bier, helder, met een fraaie royale witte schuimkraag. Moutig, zoet, licht fruitig met een bittere afdronk.","26,85","true"
"Ciney-Blond.25_1","0000054055308","Ciney Blond","Ciney","Ciney","Blond Bier","1.79","0.00","EUR","https://www.beerwulf.com/nl-be/p/bieren/ciney-blond.25","https://www.beerwulf.com/globalassets/ciney-blond.25_1_0.png?w=100&h=100","https://www.beerwulf.com/globalassets/ciney-blond.25_1_0.png?w=400&h=400","414","Dit verfrissende blonde bier heeft erg witte schuimkraat. Hinten van groene appels en grassige hoparoma's vallen samen met een aangename moutige zoetheid. Een volle maar ook toegankelijke dorstlesser.","26,85","true"
"Walhalla-Aphrodite-Raspberry-Berliner-Weisse-2_1","8719992455911","Walhalla Aphrodite Raspberry Berliner Weisse","Walhalla Craft Beer","Walhalla","Sour Bier","3.39","0.00","EUR","https://www.beerwulf.com/nl-be/p/bieren/walhalla-aphrodite-raspberry-berliner-weisse-2","https://www.beerwulf.com/globalassets/walhalla_aphrodite_raspberry_berliner_weisse.png?w=100&h=100","https://www.beerwulf.com/globalassets/walhalla_aphrodite_raspberry_berliner_weisse.png?w=400&h=400","414","","26,85","true"
"Brugse-Zot-Dubbel.33_1","5425017240075","Brugse Zot Dubbel","Brouwerij De Halve Maan","Brugse","Dubbel Bier","2.65","0.00","EUR","https://www.beerwulf.com/nl-be/p/bieren/brugse-zot-dubbel.33","https://www.beerwulf.com/globalassets/brugse-zot-dubbel.33_1_1.png?w=100&h=100","https://www.beerwulf.com/globalassets/brugse-zot-dubbel.33_1_1.png?w=400&h=400","414","Donkerbruin kleurig met rode schijn. Dikke stevige schuimkraag. Vol aroma’s van geroosterde mout, karamel en chocolade. Afdronk is bitterzoet.","26,85","true"
"Bruut-Gajes-Tripel.33_1","8717953199973","Bruut Gajes Tripel","Bruut Bier","Bruut","Tripel Bier","2.99","0.00","EUR","https://www.beerwulf.com/nl-be/p/bieren/bruut-gajes-tripel.33","https://www.beerwulf.com/globalassets/bruut-gajes-tripel.33_1_1.png?w=100&h=100","https://www.beerwulf.com/globalassets/bruut-gajes-tripel.33_1_1.png?w=400&h=400","414","Winnaar van de Dutch Beer Challenge 2016. Krachtige, eigenzinnig Tripel met citrusaroma’s in de hoofdrol. Daarnaast zoetheid uit mout en van toetsen van tropisch fruit. Fruitige, bittere nasmaak.","26,85","true"
"Brewdog-Dead-Pony.33_1","5060154911794","Brewdog Dead Pony","BrewDog","Brewdog","Pale Ale","2.79","0.00","EUR","https://www.beerwulf.com/nl-be/p/bieren/brewdog-dead-pony.33","https://www.beerwulf.com/globalassets/brewdog-dead-pony.33_1_1.png?w=100&h=100","https://www.beerwulf.com/globalassets/brewdog-dead-pony.33_1_1.png?w=400&h=400","414","Oranjekleurig met een lichtgekleurde schuimkraag. Krachtige, hoppige smaak voor een bier met maar 3,8% alcohol. Citrusfruit-, moutige en kruidige aroma’s en een bittere afdronk.","26,85","true"
"Baxbier-Koud-Vuur.33_1","8718868037046","Baxbier Koud Vuur","Bax Bier Brouwerij","Baxbier","Brown Ale","3.09","0.00","EUR","https://www.beerwulf.com/nl-be/p/bieren/baxbier-koud-vuur.33","https://www.beerwulf.com/globalassets/baxbier-koud-vuur.33_1_1.png?w=100&h=100","https://www.beerwulf.com/globalassets/baxbier-koud-vuur.33_1_1.png?w=400&h=400","414","Donker, roodbruin bier met een stevig crèmekleurige schuimkraag. Het aroma van dit bier wordt vooral beheerst door de rook. Een krachtig en pittig bier voor bij vrijwel alle soorten kaas en chocolade, maar ook heerlijk bij gegrild vlees.","26,85","true"
"Boon-Geuze-Mariage-Parfait.38_1","5412783052247","Boon Geuze Mariage Parfait","Brouwerij Boon","Boon","Sour Bier","3.39","0.00","EUR","https://www.beerwulf.com/nl-be/p/bieren/boon-geuze-mariage-parfait.38","https://www.beerwulf.com/globalassets/boon-geuze-mariage-parfait.38_1_1.png?w=100&h=100","https://www.beerwulf.com/globalassets/boon-geuze-mariage-parfait.38_1_1.png?w=400&h=400","414","Deze lambiek verrast met een aangename zuurheid, typerend voor deze belgische bierstijl. Hinten van groene appels en rozen geven dit bier volheid maar wel gecombineerd met een droge afdronk. Echt uitzonderlijk en heel bijzonder.","26,85","true"
"Birra-Ichnusa.33_1","8006890624274","Birra Ichnusa","Ichnusa","Birra ichnusa","Lager Bier","1.79","0.00","EUR","https://www.beerwulf.com/nl-be/p/bieren/birra-ichnusa.33","https://www.beerwulf.com/globalassets/birra-ichnusa.33_1_2.png?w=100&h=100","https://www.beerwulf.com/globalassets/birra-ichnusa.33_1_2.png?w=400&h=400","414","Dit verfrissende bier is relatief moutig met hints van zoete broodjes gecombineerd met een aangename bitterheid en een fijne afdronk. Een echte dorstlesser!","26,85","true"
"Brooklyn-Lager.36_1","5707643200006","Brooklyn Lager","Brooklyn Brewery","Brooklyn","Lager Bier","2.99","0.00","EUR","https://www.beerwulf.com/nl-be/p/bieren/brooklyn-lager.36","https://www.beerwulf.com/globalassets/brooklyn-lager.36_1_1.png?w=100&h=100","https://www.beerwulf.com/globalassets/brooklyn-lager.36_1_1.png?w=400&h=400","414","Oranje tot amberkleurig bier. De schuimkraag is licht gekleurd en stevig. Mooie balans tussen de zoetheid van de mout en de hopbitterheid. Karaktervolle doordrinker.","26,85","true"
"Brouwerij-t-IJ-IJwit.33_1","8717545260067","Brouwerij 't IJ IJwit","Brouwerij 't IJ","Brouwerij 't ij","Witbier","2.69","0.00","EUR","https://www.beerwulf.com/nl-be/p/bieren/brouwerij-t-ij-ijwit.33","https://www.beerwulf.com/globalassets/brouwerij-t-ij-ijwit.33_1_1.png?w=100&h=100","https://www.beerwulf.com/globalassets/brouwerij-t-ij-ijwit.33_1_1.png?w=400&h=400","414","Licht goudgeel, mistig, met een mooie witte schuimkraag. Deze doordrinker heeft veel citrusfruit, banaan en koriander. De smaakvolle doordrinker is een uitstekende dorstlesser.","26,85","true"
"Brooklyn-Sorachi-Ace.36_1","5707643200907","Brooklyn Sorachi Ace","Brooklyn Brewery","Brooklyn","Saison Bier","3.99","0.00","EUR","https://www.beerwulf.com/nl-be/p/bieren/brooklyn-sorachi-ace.36","https://www.beerwulf.com/globalassets/brooklyn-sorachi-ace.36_1_1.png?w=100&h=100","https://www.beerwulf.com/globalassets/brooklyn-sorachi-ace.36_1_1.png?w=400&h=400","414","Goudblond bier, beetje wazig en een bescheiden schuimkraag. Veel hoparoma met vooral tropische vruchten. Abrikozen, perziken, ananas. Het mineralische en de lichte bitterheid brengen deze Saison helemaal in balans.","26,85","true"
"Hapkin.33_1","0000054064027","Hapkin","Brouwerij Alken-Maes","Hapkin","Blond Bier","2.19","0.00","EUR","https://www.beerwulf.com/nl-be/p/bieren/hapkin.33","https://www.beerwulf.com/globalassets/hapkin.33_1_1.png?w=100&h=100","https://www.beerwulf.com/globalassets/hapkin.33_1_1.png?w=400&h=400","414","Goudblond licht mistig bier met een zeer royale witte schuimkraag. Zoete aroma’s geven dit bier body. De aftertaste is diepzoet en alcoholisch.","26,85","true"
"Judas.33_1","0000054055049","Judas","Brouwerij Alken-Maes","Judas","Blond Bier","2.39","0.00","EUR","https://www.beerwulf.com/nl-be/p/bieren/judas.33","https://www.beerwulf.com/globalassets/judas.33_1_1.png?w=100&h=100","https://www.beerwulf.com/globalassets/judas.33_1_1.png?w=400&h=400","414","Goudgeel, vrijwel helder bier met een prachtige volle witte schuimkraag. Vol zoete aroma’s van kandij en karamel. Smaak is vol en zoet met aroma’s van kandijsuiker.","26,85","true"
"La-Chouffe-Houblon.33_1","5410769300085","Houblon Chouffe","Brasserie d'Achouffe","La chouffe","IPA","2.51","0.00","EUR","https://www.beerwulf.com/nl-be/p/bieren/la-chouffe-houblon.33","https://www.beerwulf.com/globalassets/la-chouffe-houblon.33_1_1.png?w=100&h=100","https://www.beerwulf.com/globalassets/la-chouffe-houblon.33_1_1.png?w=400&h=400","414","Goudgeel bier met een grote, redelijke grove schuimlaag. Aroma’s zijn overwegend moutig. De smaak is zoet, licht karamel en kruidig hoppig. Aangename bitters blijven lang aanwezig.","26,85","true"
"Orval.33_1","0000054040014","Orval","Brasserie d'Orval","Orval","Blond Bier","2.59","0.00","EUR","https://www.beerwulf.com/nl-be/p/bieren/orval.33","https://www.beerwulf.com/globalassets/orval.33_1_1.png?w=100&h=100","https://www.beerwulf.com/globalassets/orval.33_1_1.png?w=400&h=400","414","Orval is een erkend trappistenbier. Het is de enige biersoort uit deze brouwerij, die voor het grote publiek is bestemd. Complex en kruidig van smaak. Deze Trappist heeft een zeer droge finish.","26,85","true"
"Lowlander-White-Ale.33_1","8717953278319","Lowlander White Ale","Lowlander","Lowlander","Witbier","3.19","0.00","EUR","https://www.beerwulf.com/nl-be/p/bieren/lowlander-white-ale.33","https://www.beerwulf.com/globalassets/lowlander-white-ale.33_1_1.png?w=100&h=100","https://www.beerwulf.com/globalassets/lowlander-white-ale.33_1_1.png?w=400&h=400","414","De Lowlander White Ale combineert typische smaken van Weizen bier zoals rijpe banaan en kruidnagel met bloemige aroma's van rozen en vlierbloesem. Een meer dan smakelijke dorstlesser voor de warme dagen.","26,85","true"
"Gebrouwen-Door-Vrouwen-Gin-Weizen.33_1","8719326241142","Gebrouwen Door Vrouwen Gin Weizen","Gebrouwen Door Vrouwen","Gebrouwen door vrouwen","Witbier","2.99","0.00","EUR","https://www.beerwulf.com/nl-be/p/bieren/gebrouwen-door-vrouwen-gin-weizen.33","https://www.beerwulf.com/globalassets/gebrouwen-door-vrouwen-gin-weizen.33_1_1.png?w=100&h=100","https://www.beerwulf.com/globalassets/gebrouwen-door-vrouwen-gin-weizen.33_1_1.png?w=400&h=400","414","Verfrissende Weizen met een interessant randje vanwege de Gin kruiden. Aroma's van jeneverbessen en koriander zaden domineren de smaak. Toch is het een zeer drinkbaar bier.","26,85","true"
"Lagunitas-IPA.36_1","0723830000100","Lagunitas IPA","Lagunitas Brewing Company","Lagunitas","IPA","2.89","0.00","EUR","https://www.beerwulf.com/nl-be/p/bieren/lagunitas-ipa.36","https://www.beerwulf.com/globalassets/lagunitas-ipa.36_1_1.png?w=100&h=100","https://www.beerwulf.com/globalassets/lagunitas-ipa.36_1_1.png?w=400&h=400","414","Deze bekende ""Westcoast Style"" Amerikaanse IPA is echt het voorbeeld in z'n soort. Het bier geeft fruitige citrus aroma's gecombineerd met dennenachtige geuren. De schoonheid van amerikaanse hoppen wordt maximaal uitgenut. De aroma's worden aangenaam gecombineerd met een licht zoete maar zeker niet dominante body.","26,85","true"
"Two-Chefs-Brewing-Funky-Falcon.33_1","8717953213631","Two Chefs Brewing Funky Falcon","Two Chefs Brewing","Two chefs brewing","Pale Ale","2.89","0.00","EUR","https://www.beerwulf.com/nl-be/p/bieren/two-chefs-brewing-funky-falcon.33","https://www.beerwulf.com/globalassets/two-chefs-brewing-funky-falcon.33_1_1.png?w=100&h=100","https://www.beerwulf.com/globalassets/two-chefs-brewing-funky-falcon.33_1_1.png?w=400&h=400","414","Diepgeel, licht mistig bier een fijne schuimkraag. Veel fruitige aroma’s van citrusfruit en tropisch fruit. De nasmaak is funky, kruidig bitter en droog.","26,85","true"
"Jopen-Koyt.33_1","8714799200252","Jopen Koyt","Brouwerij Jopenkerk","Jopen","Brown Ale","2.89","0.00","EUR","https://www.beerwulf.com/nl-be/p/bieren/jopen-koyt.33","https://www.beerwulf.com/globalassets/jopen-koyt.33_1_1.png?w=100&h=100","https://www.beerwulf.com/globalassets/jopen-koyt.33_1_1.png?w=400&h=400","414","Roodbruin gekleurd, gekleurde schuimkraag. Dit bier is gebrouwen met gruit, een middeleeuws kruidenmengsel. Het geeft een wat medicinaal aroma met tonen van laurier, zoethout, brood, stroop en eucalyptus. Zoet en kruidige nasmaak.","26,85","true"
"Kasteel-Blonde.33_1","5411081003630","Kasteel Blonde","Brouwerij Van Honsebrouck","Kasteel","Blond Bier","2.49","0.00","EUR","https://www.beerwulf.com/nl-be/p/bieren/kasteel-blonde.33","https://www.beerwulf.com/globalassets/kasteel-blonde.33_1_1.png?w=100&h=100","https://www.beerwulf.com/globalassets/kasteel-blonde.33_1_1.png?w=400&h=400","414","Helder goudgeel bier met een volle witte schuimkraag. In de neus strijden citrusachtige fruitigheid en zoete moutaroma’s om voorrang. De smaak is moeite zoet, fruitig en loopt aangenaam bitter weg.","26,85","true"
"La-Chouffe-Blonde-Dardenne.33_1","5410769100081","La Chouffe Blonde D'ardenne","Brasserie d'Achouffe","La chouffe","Blond Bier","2.59","0.00","EUR","https://www.beerwulf.com/nl-be/p/bieren/la-chouffe-blonde-dardenne.33","https://www.beerwulf.com/globalassets/la-chouffe-blonde-dardenne.33_1_1.png?w=100&h=100","https://www.beerwulf.com/globalassets/la-chouffe-blonde-dardenne.33_1_1.png?w=400&h=400","414","Goudkleurig bier, licht nevelig met een robuuste schuimkraag. Kruidige geur met veel citrusfruit en koriander. Ook in de smaak veel fris fruit en koriander.","26,85","true"
"Leffe-Blond.3_1","0000054018013","Leffe Blond","Brouwerij Artois","Leffe","Blond Bier","2.39","0.00","EUR","https://www.beerwulf.com/nl-be/p/bieren/leffe-blond.3","https://www.beerwulf.com/globalassets/leffe-blond.3_1_1.png?w=100&h=100","https://www.beerwulf.com/globalassets/leffe-blond.3_1_1.png?w=400&h=400","414","Donker goudgeel tot oranjekleurig, helder, met een stevig volle witte schuimkraag. Zeer toegankelijke fruitige Blond met een licht bittertje. Leffe Blond is een erkend abdijbier.","26,85","true"
"Oedipus-Mama.33_1","8717953167323","Oedipus Mama","Brouwerij Oedipus","Oedipus","Pale Ale","2.89","0.00","EUR","https://www.beerwulf.com/nl-be/p/bieren/oedipus-mama.33","https://www.beerwulf.com/globalassets/oedipus-mama.33_1_2.png?w=100&h=100","https://www.beerwulf.com/globalassets/oedipus-mama.33_1_2.png?w=400&h=400","414","Kleur is oranje, witte schuimkraag is fijn van structuur. Veel citrus in het aroma dankzij de Cetennial-hop. Verfrissend met een licht bittere afdronk.","26,85","true"
"Kees-American-Barley-Wine.33_1","8718868545060","Kees American Barley Wine","Brouwerij Kees","Kees","Barley Wine","3.29","0.00","EUR","https://www.beerwulf.com/nl-be/p/bieren/kees-american-barley-wine.33","https://www.beerwulf.com/globalassets/kees-american-barley-wine.33_1_0.png?w=100&h=100","https://www.beerwulf.com/globalassets/kees-american-barley-wine.33_1_0.png?w=400&h=400","414","Caramelkleurig met een lichtbruine schuimkraag. Snoepjesachtige aroma’s stijgen op uit het glas. De smaak is zoet, karamel met een bescheiden bitterheid. De grote hoeveelheid alcohol geeft zoetheid en warmte.","26,85","true"
"Lindemans-Framboos.25_1","5411223030029","Lindemans Framboos","Brouwerij Lindemans","Lindemans","Fruitbier","2.49","0.00","EUR","https://www.beerwulf.com/nl-be/p/bieren/lindemans-framboos.25","https://www.beerwulf.com/globalassets/lindemans-framboos.25_1_1.png?w=100&h=100","https://www.beerwulf.com/globalassets/lindemans-framboos.25_1_1.png?w=400&h=400","414","Rode kleur, schuim is rood gekleurd. Intense smaak van zongerijpte frambozen met een fris zuurtje van de lambic. Ideaal als aperitief.","26,85","true"
"Mort-Subite-Geuze-Lambic.25_1","5411656051097","Mort Subite Geuze Lambic","Brouwerij Alken-Maes","Mort subite","Sour Bier","1.52","0.00","EUR","https://www.beerwulf.com/nl-be/p/bieren/mort-subite-geuze-lambic.25","https://www.beerwulf.com/globalassets/mort-subite-geuze-lambic.25_1_1.png?w=100&h=100","https://www.beerwulf.com/globalassets/mort-subite-geuze-lambic.25_1_1.png?w=400&h=400","414","Amberkleurig , helder met een medium witte schuimkraag. Dit bier is een blend van oude en jonge Lambic. Friszuur en zoet spelen een mooi spel in deze regelrechte dorstlesser.","26,85","true"
"Crew-Republic-Foundation-11.33_1","0000042232506","Crew Republic Foundation 11","Crew Republic","Crew republic","Pale Ale","2.89","0.00","EUR","https://www.beerwulf.com/nl-be/p/bieren/crew-republic-foundation-11.33","https://www.beerwulf.com/globalassets/crew-republic-foundation-11.33_1_1.png?w=100&h=100","https://www.beerwulf.com/globalassets/crew-republic-foundation-11.33_1_1.png?w=400&h=400","414","Oranjekleurig, licht mistig en met een fijne witte schuimkraag. Tropisch fruit met oa. mango staat op de voorgrond. Smaakvol en goed doordrinkbaar.","26,85","true"
"Kees-Pink-Grapefruit-IPA.33_1","8719325298000","Kees Pink Grapefruit IPA","Brouwerij Kees","Kees","IPA","2.99","0.00","EUR","https://www.beerwulf.com/nl-be/p/bieren/kees-pink-grapefruit-ipa.33","https://www.beerwulf.com/globalassets/kees-pink-grapefruit-ipa.33_1_1.png?w=100&h=100","https://www.beerwulf.com/globalassets/kees-pink-grapefruit-ipa.33_1_1.png?w=400&h=400","414","Amberkleurig bier met een roze zweem. Nevelig en met een bescheiden schuimkraag. De neus heeft vooral veel citrusfruit, grapefruit vooral. De smaak is verfrissend door de grapefruit, zoetig en vooral ook stevig bier. Een fruitig zomerbier met een bitter hart,","26,85","true"
"Brewdog-Nanny-State-Alcoholvrij.33_1","5060154910674","Brewdog Nanny State Alcoholvrij","BrewDog","Brewdog","Lager Bier","2.49","0.00","EUR","https://www.beerwulf.com/nl-be/p/bieren/brewdog-nanny-state-alcoholvrij.33","https://www.beerwulf.com/globalassets/brewdog-nanny-state-alcoholvrij.33_1_1.png?w=100&h=100","https://www.beerwulf.com/globalassets/brewdog-nanny-state-alcoholvrij.33_1_1.png?w=400&h=400","414","Koperkleurig bier met een licht gekleurde schuimkraag. Dit bier is gebrouwen met weinig mout en veel hop. Sterke kruidige hopgeuren en een bittere afdronk. Zeer smaakvol met slechts 0,5% alcohol.Ingrediënten: water, gerstemout, roggemout, tarwemout, hop","26,85","true"
"Lowlander-Poorter.33_1","8717953278326","Lowlander Poorter","Lowlander","Lowlander","Stout & Porter","3.49","0.00","EUR","https://www.beerwulf.com/nl-be/p/bieren/lowlander-poorter.33","https://www.beerwulf.com/globalassets/lowlander-poorter.33_1_1.png?w=100&h=100","https://www.beerwulf.com/globalassets/lowlander-poorter.33_1_1.png?w=400&h=400","414","Lowlander Poorter is gebrouwen met 5 verschillende soorten gerstemout, zoethout en vanille. Het is een donkerkleurige Porter met duidelijke tonen van vanille en chocola. Bitterheid is iets aanwezig maar het bier is bovenal mooi rond.","26,85","true"
"Budels-Malty-Dark-00.3_1","8712003003705","Budels Malty Dark Bio 0,0%","Budelse Brouwerij","Budels","Bockbier","1.79","0.00","EUR","https://www.beerwulf.com/nl-be/p/bieren/budels-malty-dark-00.3","https://www.beerwulf.com/globalassets/budels-malty-dark-00.3_1_1.png?w=100&h=100","https://www.beerwulf.com/globalassets/budels-malty-dark-00.3_1_1.png?w=400&h=400","414","Bruin, helder bier met een beige schuimkraag. Aroma’s van mout met een toets van karamel. Deze biologische, donkere 0.0% heeft een zoetige afdronk.Ingrediënten: water, gerstemout, hop","26,85","true"
"Heineken-0.0.3_1","8712000053109","Heineken 0.0","Heineken Brewery","Heineken","Lager Bier","1.12","0.00","EUR","https://www.beerwulf.com/nl-be/p/bieren/heineken-0.0.3","https://www.beerwulf.com/globalassets/heineken-0.0.3_1_2.png?w=100&h=100","https://www.beerwulf.com/globalassets/heineken-0.0.3_1_2.png?w=400&h=400","414","Een alcoholvrij bier met een verfrissende en fruitige smaak, gecombineerd met een zacht moutige body.","26,85","true"
"Belfort-8.33_1","5419980010513","Belfort 8°","Belfort","Belfort","Blond Bier","2.99","0.00","EUR","https://www.beerwulf.com/nl-be/p/bieren/belfort-8.33","https://www.beerwulf.com/globalassets/belfort-8.33_1_1.png?w=100&h=100","https://www.beerwulf.com/globalassets/belfort-8.33_1_1.png?w=400&h=400","414","Goudkleurig, grote witte schuimkraag, stabiel, zacht mondgevoel. Smaak is complex, licht fruitig, moutig en lichtzoet. Nasmaak is zacht en aangenaam bitter. Goed gebalanceerd, typisch  Belgisch.","26,85","true"
"Augustijn-Blond.33_1","5411663002181","Augustijn Blond","Brouwerij Van Steenberge","Augustijn","Blond Bier","2.29","0.00","EUR","https://www.beerwulf.com/nl-be/p/bieren/augustijn-blond.33","https://www.beerwulf.com/globalassets/augustijn-blond.33_1_1.png?w=100&h=100","https://www.beerwulf.com/globalassets/augustijn-blond.33_1_1.png?w=400&h=400","414","Goudkleurig helder bier met een volle witte schuimkraag. In de neus zoete geuren van mout, fruit en gist. Smaak is fruitig en medium bitter.","26,85","true"
"Augustijn-Donker.33_1","5411663007001","Augustijn Donker ","Brouwerij Van Steenberge","Augustijn","Dubbel Bier","2.39","0.00","EUR","https://www.beerwulf.com/nl-be/p/bieren/augustijn-donker.33","https://www.beerwulf.com/globalassets/augustijn-donker.33_1_1.png?w=100&h=100","https://www.beerwulf.com/globalassets/augustijn-donker.33_1_1.png?w=400&h=400","414","Niet te zoet bruin bier met zachte tonen van karamel, chocolade en gedroogd fruit. Kloosterbier met een fruitige toets.","26,85","true"
"Dubuisson-Surfine.33_1","5411551200545","Dubuisson Surfine","Brasserie Dubuisson Freres","Dubuisson","Saison Bier","1.87","0.00","EUR","https://www.beerwulf.com/nl-be/p/bieren/dubuisson-surfine.33","https://www.beerwulf.com/globalassets/dubuisson-surfine.33_1_1.png?w=100&h=100","https://www.beerwulf.com/globalassets/dubuisson-surfine.33_1_1.png?w=400&h=400","414","Traditionele goudkleurige Saison met vooral veel fruitige aroma’s In de smaak proef je het citrusfruit, bloemige tonen en wat kruidigheid. In de nasmaak tref je een friszure smaak met een lichte bitterheid.","26,85","true"
"Gulden-Draak-Quadruple.33_1","5411663002846","Gulden Draak Quadruple","Brouwerij Van Steenberge","Gulden draak","Quadrupel","2.69","0.00","EUR","https://www.beerwulf.com/nl-be/p/bieren/gulden-draak-quadruple.33","https://www.beerwulf.com/globalassets/gulden-draak-quadruple.33_1_1.png?w=100&h=100","https://www.beerwulf.com/globalassets/gulden-draak-quadruple.33_1_1.png?w=400&h=400","414","Diep amber kleurig met een grote licht gekleurde schuimkraag. Deze quadruple is zoet, sterk en verwarmend met een plezierig fruitige nasmaak.","26,85","true"
"Liefmans-Fruitesse.33_1","5411686700118","Liefmans Fruitesse","Brouwerij Liefmans","Liefmans","Fruitbier","2.29","0.00","EUR","https://www.beerwulf.com/nl-be/p/bieren/liefmans-fruitesse.33","https://www.beerwulf.com/globalassets/liefmans-fruitesse.33_1_1.png?w=100&h=100","https://www.beerwulf.com/globalassets/liefmans-fruitesse.33_1_1.png?w=400&h=400","414","Kersenrode kleur met rood schuim. Zoet als ranja met een fris zuurtje. Barstensvol kersen.","26,85","true"
"Liefmans-Goudenband.33_1","5411686700668","Liefmans Goudenband","Brouwerij Liefmans","Liefmans","Sour Bier","2.89","0.00","EUR","https://www.beerwulf.com/nl-be/p/bieren/liefmans-goudenband.33","https://www.beerwulf.com/globalassets/liefmans-goudenband.33_1_1.png?w=100&h=100","https://www.beerwulf.com/globalassets/liefmans-goudenband.33_1_1.png?w=400&h=400","414","Bruine kleur met beige / bruin schuim. Complex aroma met tonen van hout, vanille, kersen. Smaak is zuur, fruitig met tonen van vanille en hout. Lange nasmaak fruitige zure nasmaak.","26,85","true"
"Mongozo-Premium-Pilsener.33_1","8715608222557","Mongozo Premium Pilsener","Brouwerij L. Huyghe","Mongozo","Pilsner & Hoppy Lager","2.33","0.00","EUR","https://www.beerwulf.com/nl-be/p/bieren/mongozo-premium-pilsener.33","https://www.beerwulf.com/globalassets/mongozo-premium-pilsener.33_1_1.png?w=100&h=100","https://www.beerwulf.com/globalassets/mongozo-premium-pilsener.33_1_1.png?w=400&h=400","414","Goudkleurig met volle witte schuimkraag. Behoorlijk wat koolzuur. Zoete, licht granige smaak. Dortslessend.","26,85","true"
"Oud-Beersel-Framboise.375_1","5425018070336","Oud Beersel Framboise","Oud Beersel Brewery","Oud beersel","Sour Bier","6.49","0.00","EUR","https://www.beerwulf.com/nl-be/p/bieren/oud-beersel-framboise.375","https://www.beerwulf.com/globalassets/oud-beersel-framboise.375_1_1.png?w=100&h=100","https://www.beerwulf.com/globalassets/oud-beersel-framboise.375_1_1.png?w=400&h=400","414","Donkerrode kleur verraadt al de aanwezigheid van veel fruit. Je proeft rood fruit, kersen maar bovenal frambozen. De zoete smaak van rijp rood fruit met het frisse zuur van de Lambic en een vleugje hout.","26,85","true"
"Oud-Beersel-Oude-Kriek-Vieille.375_1","5425018070329","Oud Beersel Oude Kriek Vieille","Oud Beersel Brewery","Oud beersel","Sour Bier","5.89","0.00","EUR","https://www.beerwulf.com/nl-be/p/bieren/oud-beersel-oude-kriek-vieille.375","https://www.beerwulf.com/globalassets/oud-beersel-oude-kriek-vieille.375_1_1.png?w=100&h=100","https://www.beerwulf.com/globalassets/oud-beersel-oude-kriek-vieille.375_1_1.png?w=400&h=400","414","Kersenrode bier met een inzakkende rode schuimkraag. Dit meermalen onderscheiden bier zit vol kersen, heeft lichte hout tonen en het karakteristieke zuur van een Lambic.","26,85","true"
"Postel-Blond.33_1","5411098700034","Postel Blond","Affligem Brouwerij","Postel","Blond Bier","2.33","0.00","EUR","https://www.beerwulf.com/nl-be/p/bieren/postel-blond.33","https://www.beerwulf.com/globalassets/postel-blond.33_1_1.png?w=100&h=100","https://www.beerwulf.com/globalassets/postel-blond.33_1_1.png?w=400&h=400","414","Een stevig blond beer, goudkleurig met medium witte schuimkraag. Fruitige aroma’s, zoet en licht alcoholisch.","26,85","true"
"Quintine-Hercule.33_1","5425005660809","Quintine Hercule","Brasserie des Légendes","Quintine","Stout & Porter","3.19","0.00","EUR","https://www.beerwulf.com/nl-be/p/bieren/quintine-hercule.33","https://www.beerwulf.com/globalassets/quintine-hercule.33_1_1.png?w=100&h=100","https://www.beerwulf.com/globalassets/quintine-hercule.33_1_1.png?w=400&h=400","414","Krachtige Stout met gebrande tonen van mout en koffie. Deze Stout heeft een zacht kant met zoete tonen van karamel.","26,85","true"
"Rodenbach-Classic.25_1","0000054125001","Rodenbach Classic","Brouwerij Rodenbach","Rodenbach","Sour Bier","2.39","0.00","EUR","https://www.beerwulf.com/nl-be/p/bieren/rodenbach-classic.25","https://www.beerwulf.com/globalassets/rodenbach-classic.25_1_1.png?w=100&h=100","https://www.beerwulf.com/globalassets/rodenbach-classic.25_1_1.png?w=400&h=400","414","Bruinrode kleur met kleine inzakkende schuimkraag. Fruitige aroma’s van kersen. Zachte vanille-tonen van het hout. Smaak is fruitig zuur met zoet op de achtergrond. Dit is een wijnachtig bier.","26,85","true"
"Scheldebrouwerij-Oesterstout.33_1","8715951001298","Scheldebrouwerij Oesterstout","Scheldebrouwerij","Scheldebrouwerij","Stout & Porter","3.09","0.00","EUR","https://www.beerwulf.com/nl-be/p/bieren/scheldebrouwerij-oesterstout.33","https://www.beerwulf.com/globalassets/scheldebrouwerij-oesterstout.33_1_1.png?w=100&h=100","https://www.beerwulf.com/globalassets/scheldebrouwerij-oesterstout.33_1_1.png?w=400&h=400","414","Een stevige, donkerbruine Stout met bitterheid uit zowel de hop als uit de geroosterde mout. Aroma’s van koffie, zoet en gedroogd fruit, karamel en geroosterde mout. De nasmaak is bitter en droog.","26,85","true"
"Scotch-Silly.33_1","5413023000264","Scotch Silly","Brasserie de Silly","Silly","Barley Wine","2.29","0.00","EUR","https://www.beerwulf.com/nl-be/p/bieren/scotch-silly.33","https://www.beerwulf.com/globalassets/scotch-silly.33_1_1.png?w=100&h=100","https://www.beerwulf.com/globalassets/scotch-silly.33_1_1.png?w=400&h=400","414","Donker roodbruin bier met een creme-kleurige schuimkraag. Fluweelzacht mondgevoel. Stevige body. Aroma’s van butterscotch, karamel, toast, toffee, hazelnoot. Lichte kruidenachtige bitterheid.","26,85","true"
"Steenbrugge-Dubbel.33_1","0000054112032","Steenbrugge Dubbel","Brouwerij Palm","Steenbrugge","Dubbel Bier","2.79","0.00","EUR","https://www.beerwulf.com/nl-be/p/bieren/steenbrugge-dubbel.33","https://www.beerwulf.com/globalassets/steenbrugge-dubbel.33_1_1.png?w=100&h=100","https://www.beerwulf.com/globalassets/steenbrugge-dubbel.33_1_1.png?w=400&h=400","414","Klassieke Belgische Dubbel met tonen van karamel, toffee en gebrande mout. Dit bier is verrijkt met een Brugs kruidenmengsel. Nasmaak is karamelzoet met een lichte bitterheid.","26,85","true"
"Troubadour-Magma.33_1","5425006700139","Troubadour Magma","Brouwerij The Musketeers","Troubadour","IPA","2.79","0.00","EUR","https://www.beerwulf.com/nl-be/p/bieren/troubadour-magma.33","https://www.beerwulf.com/globalassets/troubadour-magma.33_1_1.png?w=100&h=100","https://www.beerwulf.com/globalassets/troubadour-magma.33_1_1.png?w=400&h=400","414","Een stevig gehopt bier boordevol fruit, vooral tropisch fruit. De zoete fruitigheid danst met stevige hopbitterheid. Warme koperkleur met een licht gekleurde schuimkraag.","26,85","true"
"Val-Dieu-Blond.33_1","5413977000013","Val Dieu Blond","Brasserie de l’Abbaye du Val-Dieu","Val dieu","Blond Bier","2.59","0.00","EUR","https://www.beerwulf.com/nl-be/p/bieren/val-dieu-blond.33","https://www.beerwulf.com/globalassets/val-dieu-blond.33_1_1.png?w=100&h=100","https://www.beerwulf.com/globalassets/val-dieu-blond.33_1_1.png?w=400&h=400","414","Dit goudkleurige abdijbier met forse witte schuimkraag wordt nog in de abdij gebrouwen. Aroma’s zijn fruitig en zoet met een lichte bitterheid in de finish.","26,85","true"
"Fagnes-Brune.33_1","5425032452316","Fagnes Brune","Brasserie des Fagnes","Fagnes ","Dubbel Bier","2.69","0.00","EUR","https://www.beerwulf.com/nl-be/p/bieren/fagnes-brune.33","https://www.beerwulf.com/globalassets/fagnes-brune.33_1_1.png?w=100&h=100","https://www.beerwulf.com/globalassets/fagnes-brune.33_1_1.png?w=400&h=400","414","Bruinkleurige Dubbel met tonen van karamel, toffee, zoethout en chocolade. Op de achtergrond proef je fruitige tonen van gedroogd fruit en rood fruit. Zoet met een bescheiden bitterheid.","26,85","true"
"Bird-Brewery-Lekkerinde-Kauw33_1","8719324865364","Bird Brewery Lekkerinde Kauw","Bird Brewery","Bird brewery","Bockbier","2.24","0.00","EUR","https://www.beerwulf.com/nl-be/p/bieren/bird-brewery-lekkerinde-kauw33","https://www.beerwulf.com/globalassets/bird-brewery-lekkerinde-kauw33_1_02.png?w=100&h=100","https://www.beerwulf.com/globalassets/bird-brewery-lekkerinde-kauw33_1_02.png?w=400&h=400","414","Gloednieuwe bock van Bird brewery. De rogge geeft deze zoetige bock een subtiele kruidige toon. Fruitige aroma's met karamel. Het zachte mondgevoel maakt dit een erg prettig bier.","26,85","true"
"Jessenhofke-WNTR33_1","5425026090685","Jessenhofke WNTR","Jessenhofke ","Jessenhofke","Brown Ale","2.89","0.00","EUR","https://www.beerwulf.com/nl-be/p/bieren/jessenhofke-wntr33","https://www.beerwulf.com/globalassets/jessenhofke-wntr33_1_1.png?w=100&h=100","https://www.beerwulf.com/globalassets/jessenhofke-wntr33_1_1.png?w=400&h=400","414","Een warm en krachtig bier om de wintermaanden mee door te komen. Mooie donkere smaken van gedroogd fruit, karamel en de zoetheid van alcohol. Nu al heerlijk, dit bier ontwikkeld zich qua smaak met de jaren.","26,85","true"
"Harviestoun-Bitter--Twisted.33_1","0600519001262","Harviestoun Bitter & Twisted","Harviestoun Brewery ","Harviestoun","Blond Bier","2.69","0.00","EUR","https://www.beerwulf.com/nl-be/p/bieren/harviestoun-bitter--twisted.33","https://www.beerwulf.com/globalassets/harviestoun-bitter--twisted.33_1_1.png?w=100&h=100","https://www.beerwulf.com/globalassets/harviestoun-bitter--twisted.33_1_1.png?w=400&h=400","414","Dit zachte en blonde bier heeft een zachte moutig geur van geroosterd brood. In het aroma ruik je hop, zonder dat deze dominant zijn. De nasmaak is zacht.","26,85","true"
"Goudale--Blonde.33_1","3261570000723","Goudale  Blonde","Brasserie Goudale","Goudale","Saison Bier","2.49","0.00","EUR","https://www.beerwulf.com/nl-be/p/bieren/goudale--blonde.33","https://www.beerwulf.com/globalassets/goudale--blonde.33_1_0.png?w=100&h=100","https://www.beerwulf.com/globalassets/goudale--blonde.33_1_0.png?w=400&h=400","414","Zoet goudgeel bier met fruitige en florale aroma’s een licht kruidige tonen en een medium bitterheid.","26,85","true"
"Crew-Republic-In-Your-Face.33_1","0000042280583","Crew Republic In Your Face","Crew Republic","Crew republic","IPA","3.09","0.00","EUR","https://www.beerwulf.com/nl-be/p/bieren/crew-republic-in-your-face.33","https://www.beerwulf.com/globalassets/crew-republic-in-your-face.33_1_1.png?w=100&h=100","https://www.beerwulf.com/globalassets/crew-republic-in-your-face.33_1_1.png?w=400&h=400","414","Fruitige IPA met een stevige bitterheid. De aroma’s zijn tropisch fruitig en zoet. De zoetheid maskeert de ferme bitterheid enigszins.","26,85","true"
"Maisel--Friends--Pale-Ale.33_1","0000040173306","Maisel & Friends  Pale Ale","Brauerei Gebr. Maisel","Maisel & friends ","Pale Ale","2.39","0.00","EUR","https://www.beerwulf.com/nl-be/p/bieren/maisel--friends--pale-ale.33","https://www.beerwulf.com/globalassets/maisel--friends--pale-ale.33_1_1.png?w=100&h=100","https://www.beerwulf.com/globalassets/maisel--friends--pale-ale.33_1_1.png?w=400&h=400","414","Verfrissende Pale Ale met heel veel hoparoma’s. Mooi balans, aromatisch, fruitig en met een elegante bitterheid.","26,85","true"
"Brlo-Baltic-Porter.33_1","4260402630168","Brlo Baltic Porter","BRLO","Brlo","Stout & Porter","2.89","0.00","EUR","https://www.beerwulf.com/nl-be/p/bieren/brlo-baltic-porter.33","https://www.beerwulf.com/globalassets/brlo-baltic-porter.33_1_02.png?w=100&h=100","https://www.beerwulf.com/globalassets/brlo-baltic-porter.33_1_02.png?w=400&h=400","414","Ongefilterde Balt Porter vol met donkere aroma’s van geroosterde mout, karamel, chocolade, koffie en gedroogd fruit. Bitterheid steekt de kop op in de nasmaak.","26,85","true"
"Lindemans-Kriek.25_1","5411223030081","Lindemans Kriek","Brouwerij Lindemans","Lindemans","Fruitbier","2.29","0.00","EUR","https://www.beerwulf.com/nl-be/p/bieren/lindemans-kriek.25","https://www.beerwulf.com/globalassets/lindemans-kriek.25_1_1.png?w=100&h=100","https://www.beerwulf.com/globalassets/lindemans-kriek.25_1_1.png?w=400&h=400","414","Dieprode kersenkleur met roze tot roodkleurig schuim. Het aroma bestaat uit kersen en een zoete toon van marsepein. De afdronk is friszuur en fruitig.","26,85","true"
"Beavertown-Gamma-Ray.33_1","5060386620044","Beavertown Gamma Ray","Beavertown Brewery","Beavertown","Pale Ale","2.89","0.00","EUR","https://www.beerwulf.com/nl-be/p/bieren/beavertown-gamma-ray.33","https://www.beerwulf.com/globalassets/beavertown-gamma-ray2.33_1_0?w=100&h=100","https://www.beerwulf.com/globalassets/beavertown-gamma-ray2.33_1_0?w=400&h=400","414","Een lekker sappige Pale Ale geladen met mango en grapefruit. Een smaakvolle dorstlesser geschikt voor bijna alle momenten op de dag.","26,85","true"
"Pontus-Brewing-Sirens-Song.33_1","8718781905286","Pontus Brewing Siren's Song","Pontus Brewing","Pontus brewing","Pale Ale","2.75","0.00","EUR","https://www.beerwulf.com/nl-be/p/bieren/pontus-brewing-sirens-song.33","https://www.beerwulf.com/globalassets/pontus-brewing-sirens-song.33_1_1.png?w=100&h=100","https://www.beerwulf.com/globalassets/pontus-brewing-sirens-song.33_1_1.png?w=400&h=400","414","Een smaakvolle, blonde dorstlesser met een mild harsig karakter en citrussmaak","26,85","true"
"Ninkasi-Ambree.33_1","3760029980062","Ninkasi Pale Ale","Ninkasi Fabriques","Ninkasi","Amber & Red Ale","2.69","0.00","EUR","https://www.beerwulf.com/nl-be/p/bieren/ninkasi-ambree-.33","https://www.beerwulf.com/globalassets/ninkasi-ambree.33_1_0.png?w=100&h=100","https://www.beerwulf.com/globalassets/ninkasi-ambree.33_1_0.png?w=400&h=400","414","Koperkleurig tot rode Amber met moutige karameltonen en een zacht zoete touch met tropisch fruit.","26,85","true"
"Ninkasi-IPA.33_1","3760029980833","Ninkasi French IPA","Ninkasi Fabriques","Ninkasi","IPA","2.89","0.00","EUR","https://www.beerwulf.com/nl-be/p/bieren/ninkasi-ipa.33","https://www.beerwulf.com/globalassets/ninkasi-ipa.33_1_0.png?w=100&h=100","https://www.beerwulf.com/globalassets/ninkasi-ipa.33_1_0.png?w=400&h=400","414","Zachte IPA met karamel aroma's vanuit de mout en een fruitig bittere toets van de hop.","26,85","true"
"Brlo-pale-ale33_1","4260402630021","Brlo pale ale","BRLO","Brlo","Pale Ale","2.89","0.00","EUR","https://www.beerwulf.com/nl-be/p/bieren/brlo-pale-ale33","?w=100&h=100","?w=400&h=400","414","","26,85","true"
"Vandeoirsprong-Weizen.33_1","8719189355116","Vandeoirsprong Weizen","Brouwerij Vandeoirsprong","Vandeoirsprong","Weizenbier","2.99","0.00","EUR","https://www.beerwulf.com/nl-be/p/bieren/vandeoirsprong-weizen.33","https://www.beerwulf.com/globalassets/vandeoirsprong-weizen.33_1_1.png?w=100&h=100","https://www.beerwulf.com/globalassets/vandeoirsprong-weizen.33_1_1.png?w=400&h=400","414","Dorstlessende Weizen met een licht fruitig karakter. Gebrouwen volgens het Duitse Reinheitsgebot.","26,85","true"
"Texels-Vuurbaak.3_1","8717903630105","Texels Vuurbaak","Texelse Bierbrouwerij","Texels","Pale Ale","2.59","0.00","EUR","https://www.beerwulf.com/nl-be/p/bieren/texels-vuurbaak.3","https://www.beerwulf.com/globalassets/texels-vuurbaak.3_1_1.png?w=100&h=100","https://www.beerwulf.com/globalassets/texels-vuurbaak.3_1_1.png?w=400&h=400","414","Gebrouwen volgens de stijl van een Irish Red Ale. Moutige aroma's met tonen van karamel en amandel. Ronde lichte bittere finish.","26,85","true"
"Van-Moll-Langharig-tuig.33_1","8717775906025","Van Moll Langharig tuig","Van Moll","Van moll","Weizenbier","2.89","0.00","EUR","https://www.beerwulf.com/nl-be/p/bieren/van-moll-langharig-tuig.33","https://www.beerwulf.com/globalassets/van-moll-langharig-tuig.33_1_1.png?w=100&h=100","https://www.beerwulf.com/globalassets/van-moll-langharig-tuig.33_1_1.png?w=400&h=400","414","Fruitige Weizen met een duidelijk hopkarakter dankzij de Amerikaanse hopsoorten. Verfrissend.","26,85","true"
"Rock-City-Brewing-Peach-Squeezer.33_1","8718868889553","Rock City Brewing Peach Squeezer","Rock City Beers","Rock city beers","Witbier","2.57","0.00","EUR","https://www.beerwulf.com/nl-be/p/bieren/rock-city-Brewing-peach-squeezer.33","https://www.beerwulf.com/globalassets/rock-city-brewing-peach-squeezer.33_1_04.png?w=100&h=100","https://www.beerwulf.com/globalassets/rock-city-brewing-peach-squeezer.33_1_04.png?w=400&h=400","414","","26,85","true"
"Hoppebrau-Wuide-Hehna.33_1","4260449220032","Hoppebrau Wuide Hehna","Hoppebräu","Hoppebrau","Pale Ale","2.51","0.00","EUR","https://www.beerwulf.com/nl-be/p/bieren/hoppebrau-wuide-hehna.33","https://www.beerwulf.com/globalassets/hoppebrau-wuide-hehna.33_1_1.png?w=100&h=100","https://www.beerwulf.com/globalassets/hoppebrau-wuide-hehna.33_1_1.png?w=400&h=400","414","Verfrissende Pale Ale met een laag alcoholpercentage. Veel citrusaroma's en een duidelijk hopkarakter.","26,85","true"
"Brothers-In-Law-Australian-Pale-Ale.33_1","8719324806008","Brothers In Law Australian Pale Ale","Brothers in Law","Brothers in law","Pale Ale","2.60","0.00","EUR","https://www.beerwulf.com/nl-be/p/bieren/brothers-in-law-australian-pale-ale.33","https://www.beerwulf.com/globalassets/brothers-in-law-australian-pale-ale.33_1_1.png?w=100&h=100","https://www.beerwulf.com/globalassets/brothers-in-law-australian-pale-ale.33_1_1.png?w=400&h=400","414","De knisperende Pale Ale is zacht in haar smaak. In de nasmaak proef je een lange en zachte bitter van de hops.","26,85","true"
"Brasserie-De-Sutter-Crazy-IPA.33_1","3770004616305","Brasserie De Sutter Crazy IPA","Brasserie de Sutter","Brasserie de sutter","Lager Bier","2.99","0.00","EUR","https://www.beerwulf.com/nl-be/p/bieren/brasserie-de-sutter-crazy-ipa.33","https://www.beerwulf.com/globalassets/brasserie-de-sutter-crazy-ipa.33_1_2.png?w=100&h=100","https://www.beerwulf.com/globalassets/brasserie-de-sutter-crazy-ipa.33_1_2.png?w=400&h=400","414","Een smaakvollen en licht bittere IPA. Kruidig en fruitigaroma met lichte carameltoetsen.","26,85","true"
"Kompaan-Bondgenoot.33_1","8718868044006","Kompaan Bondgenoot","Brouwerij Kompaan","Kompaan","Pale Ale","2.51","0.00","EUR","https://www.beerwulf.com/nl-be/p/bieren/kompaan-bondgenoot.33","https://www.beerwulf.com/globalassets/kompaan-bondgenoot.33_1_1.png?w=100&h=100","https://www.beerwulf.com/globalassets/kompaan-bondgenoot.33_1_1.png?w=400&h=400","414","Verfrissend hoppig blond, dorstlesser voor zomerse dagen.","26,85","true"
"Texels-Seumerfeugel.3_1","8717903631089","Texels Seumerfeugel","Texelse Bierbrouwerij","Texels","Witbier","2.49","0.00","EUR","https://www.beerwulf.com/nl-be/p/bieren/texels-seumerfeugel.3","https://www.beerwulf.com/globalassets/texels-seumerfeugel.3_1_1.png?w=100&h=100","https://www.beerwulf.com/globalassets/texels-seumerfeugel.3_1_1.png?w=400&h=400","414","Dorstlessend zomerbier. Verfrissend met een subtiele zilte afdronk. ","26,85","true"
"La-Trappe-Tripel33_1","8711406995358","La Trappe Tripel","Bierbrouwerij De Koningshoeven","La trappe","Tripel Bier","2.69","0.00","EUR","https://www.beerwulf.com/nl-be/p/bieren/la-trappe-tripel33","https://www.beerwulf.com/globalassets/la-trappe-tripel33_1_1.png?w=100&h=100","https://www.beerwulf.com/globalassets/la-trappe-tripel33_1_1.png?w=400&h=400","414","De alcohol is sterk aanwezig in deze Tripel. Karakter is overwegend fruitig met veel tropisch fruit en citrusfruit.","26,85","true"
"Steamworks-Killer-Cucumber-Ale.33_1","4260423143395","Steamworks Killer Cucumber Ale","Steamworks Brewing Co.","Steamworks","Pale Ale","2.99","0.00","EUR","https://www.beerwulf.com/nl-be/p/bieren/steamworks-killer-cucumber-ale.33","https://www.beerwulf.com/globalassets/steamworks-killer-cucumber-ale.33_1_1.png?w=100&h=100","https://www.beerwulf.com/globalassets/steamworks-killer-cucumber-ale.33_1_1.png?w=400&h=400","414","Pale Ale met komkommer. Bleekgeel, helder met witte inzakkende schuimkraag. Aroma’s van komkommer zijn duidelijk herkenbaar naast de hoppige citrustonen.","26,85","true"
"Fourpure-Easy-Peeler-Session-IPA.33_1","5060393850731","Fourpure Easy Peeler Session IPA","Fourpure","Fourpure","IPA","2.59","0.00","EUR","https://www.beerwulf.com/nl-be/p/bieren/fourpure-easy-peeler-session-ipa.33","https://www.beerwulf.com/globalassets/fourpure-easy-peeler-session-ipa.33_1_2.png?w=100&h=100","https://www.beerwulf.com/globalassets/fourpure-easy-peeler-session-ipa.33_1_2.png?w=400&h=400","414","Fruitige Session IPA met veel citrus aroma's, zoals sinaasappel en mandarijn. De lichte body, het kleine, fruitige zoetje en fris-droge afdronk maakt een dit complete Session IPA.","26,85","true"
"La-Blonde-Sans-Gluten-de-Vezelay.25_1","3760222501705","La Blonde Sans Gluten de Vézelay","Brasserie de Vézelay","Brasserie de vézelay","Blond Bier","2.59","0.00","EUR","https://www.beerwulf.com/nl-be/p/bieren/la-blonde-sans-gluten-de-vezelay.25","https://www.beerwulf.com/globalassets/la-blonde-sans-gluten-de-vezelay.25_1_1.png?w=100&h=100","https://www.beerwulf.com/globalassets/la-blonde-sans-gluten-de-vezelay.25_1_1.png?w=400&h=400","414","Moutig glutenvrij bier met een vleugje citrus aroma’s.","26,85","true"
"La-Blanche-de-Vezelay.5_1","3760222500111","La Blanche de Vézelay","Brasserie de Vézelay","Brasserie de vézelay","Witbier","3.59","0.00","EUR","https://www.beerwulf.com/nl-be/p/bieren/la-blanche-de-vezelay.5","https://www.beerwulf.com/globalassets/la-blanche-de-vezelay.5_1_1.png?w=100&h=100","https://www.beerwulf.com/globalassets/la-blanche-de-vezelay.5_1_1.png?w=400&h=400","414","Volle Weizen met de kenmerkende aroma’s van banaan en kruidnagel. Zoet en verfrissend.","26,85","true"
"Vedett-Extra-Session-IPA.33_1","5411681403670","Vedett Extra Session IPA","Brouwerij Duvel Moortgat","Vedett","IPA","2.29","0.00","EUR","https://www.beerwulf.com/nl-be/p/bieren/vedett-extra-session-ipa.33","https://www.beerwulf.com/globalassets/vedett-extra-session-ipa.33_1_1.png?w=100&h=100","https://www.beerwulf.com/globalassets/vedett-extra-session-ipa.33_1_1.png?w=400&h=400","414","Zeer lichtvoetige, frisse Session IPA met slechts 2,7% alcohol. Mooie fruitige geur met een lichte, sprankelende body. De afdronk is fris en iets bitter.","26,85","true"
"Atlantic-Doree-des-Gabariers.33_1","3770001232102","Atlantic Dorée des Gabariers","Brasserie des Gabariers","Brasserie des gabariers","Amber & Red Ale","2.79","0.00","EUR","https://www.beerwulf.com/nl-be/p/bieren/atlantic-doree-des-gabariers.33","https://www.beerwulf.com/globalassets/atlantic-doree-des-gabariers.33_1_02.png?w=100&h=100","https://www.beerwulf.com/globalassets/atlantic-doree-des-gabariers.33_1_02.png?w=400&h=400","414","Dit kruidige en licht bruine bier is zoet. De geur is moutig en karamel. De nasmaak is licht zurig, bitter en bovenal zoet.","26,85","true"
"La-Blanche-du-Mont-Blanc.33_1","3760023240018","La Blanche du Mont Blanc","Brasserie Du Mont Blanc","Brasserie du mont blanc","Witbier","2.79","0.00","EUR","https://www.beerwulf.com/nl-be/p/bieren/la-blanche-du-mont-blanc.33","https://www.beerwulf.com/globalassets/la-blanche-du-mont-blanc.33_1_1.png?w=100&h=100","https://www.beerwulf.com/globalassets/la-blanche-du-mont-blanc.33_1_1.png?w=400&h=400","414","Dit zoete witbier is romig en volmondig. In de smaak proef je veel zoete tonen van fruit. In de afdronk komt de koriander extra sterk naar voren.","26,85","true"
"Atlantic-Blanche-des-Gabariers.33_1","3770001232140","Atlantic Blanche des Gabariers","Brasserie des Gabariers","Brasserie des gabariers","Witbier","2.79","0.00","EUR","https://www.beerwulf.com/nl-be/p/bieren/atlantic-blanche-des-gabariers.33","https://www.beerwulf.com/globalassets/atlantic-blanche-des-gabariers.33_1_1.png?w=100&h=100","https://www.beerwulf.com/globalassets/atlantic-blanche-des-gabariers.33_1_1.png?w=400&h=400","414","Dit zachte tarwe bier heeft een bleke kleur. De geur is kruidig en zoet. De smaak is zacht en de nasmaak is zacht, maar lang. ","26,85","true"
"La-Verte-du-Mont-Blanc.33_1","3760023242012","La Verte du Mont Blanc","Brasserie Du Mont Blanc","Brasserie du mont blanc","Blond Bier","2.79","0.00","EUR","https://www.beerwulf.com/nl-be/p/bieren/la-verte-du-mont-blanc.33","https://www.beerwulf.com/globalassets/la-verte-du-mont-blanc.33_1_1.png?w=100&h=100","https://www.beerwulf.com/globalassets/la-verte-du-mont-blanc.33_1_1.png?w=400&h=400","414","Dit groene bier heeft een zeer kruidig en licht bittere smaak. De geur is mentholachtig en de nasmaak is kort en intens kruidig.De gluten zijn verwijderd tijdens het brouwproces - iedere batch is getest tot onder 20ppm.","26,85","true"
"Atlantic-Blonde-des-Gabariers.33_1","3770001232058","Atlantic Blonde des Gabariers","Brasserie des Gabariers","Brasserie des gabariers","Blond Bier","2.69","0.00","EUR","https://www.beerwulf.com/nl-be/p/bieren/atlantic-blonde-des-gabariers.33","https://www.beerwulf.com/globalassets/atlantic-blonde-des-gabariers.33_1_1.png?w=100&h=100","https://www.beerwulf.com/globalassets/atlantic-blonde-des-gabariers.33_1_1.png?w=400&h=400","414","Dit blonde bier heeft een lichte rood schijn. Het bier ruikt en smaakt naar honing, mout en boter. De nasmaak is romig","26,85","true"
"Jack-Beer.33_1","3770001232157","Jack Beer","Brasserie des Gabariers","Brasserie des gabariers","Pale Ale","2.99","0.00","EUR","https://www.beerwulf.com/nl-be/p/bieren/jack-beer.33","https://www.beerwulf.com/globalassets/jack-beer.33_1_1.png?w=100&h=100","https://www.beerwulf.com/globalassets/jack-beer.33_1_1.png?w=400&h=400","414","Dit goud-rood gekleurder bier heeft een hoppig en licht geroosterde karamelsmaak. De smaak en nasmaak zijn zacht bitter met een zoete ondertoon.","26,85","true"
"Lindemans-Pecheresse.25_1","5411223030043","Lindemans Pêcheresse","Brouwerij Lindemans","Lindemans","Fruitbier","2.39","0.00","EUR","https://www.beerwulf.com/nl-be/p/bieren/lindemans-pecheresse.25","https://www.beerwulf.com/globalassets/lindemans-pecheresse.25_1_1.png?w=100&h=100","https://www.beerwulf.com/globalassets/lindemans-pecheresse.25_1_1.png?w=400&h=400","414","Lambic met duidelijk perzikaroma’s. Friszuur in de basis met een deken van zoetheid.","26,85","true"
"Brouwerij-T-Verzet-Oud-Bruin33_1","5425032050017","Brouwerij 'T Verzet Oud Bruin","Brouwerij 't Verzet","Brouwerij 't verzet","Sour Bier","2.99","0.00","EUR","https://www.beerwulf.com/nl-be/p/bieren/brouwerij-t-verzet-oud-bruin33","https://www.beerwulf.com/globalassets/brouwerij-t-verzet-oud-bruin33_1_02.png?w=100&h=100","https://www.beerwulf.com/globalassets/brouwerij-t-verzet-oud-bruin33_1_02.png?w=400&h=400","414","Bruin bier met weinig schuim dat snel verdwijnt. Smaak is zuur, wijnachtig, fruitig met aroma’s van hout. ","26,85","true"
"Lefort-Tripel.33_1","5411858100067","Lefort Tripel","Brouwerij Omer Vander Ghinste","Lefort","Tripel Bier","2.69","0.00","EUR","https://www.beerwulf.com/nl-be/p/bieren/lefort-tripel.33","https://www.beerwulf.com/globalassets/lefort-tripel.33_1_1.png?w=100&h=100","https://www.beerwulf.com/globalassets/lefort-tripel.33_1_1.png?w=400&h=400","414","Uitnodigende goudgele Tripel met een romige witte schuimkraag. Deze Belgische prijswinnaar zit vol met aroma’s van vanille, appels, banaan en een kruidnageltje. ","26,85","true"
"Schoppe-Brau-Juice.33_1","4260454640917","Schoppe Bräu Juice","Schoppe Bräu","Schoppe bräu","IPA","3.29","0.00","EUR","https://www.beerwulf.com/nl-be/p/bieren/schoppe-brau-juice.33","https://www.beerwulf.com/globalassets/schoppe-brau-juice.33_1_1.png?w=100&h=100","https://www.beerwulf.com/globalassets/schoppe-brau-juice.33_1_1.png?w=400&h=400","414","Koolzuurrijke New England IPA met een hoppig karakter met fruitige tonen en een stevige bittere finish.","26,85","true"
"Silly-Abbaye-de-Forest.33_1","5413023003104","Silly Abbaye de Forest","Brasserie de Silly","Silly","Blond Bier","1.79","0.00","EUR","https://www.beerwulf.com/nl-be/p/bieren/silly-abbaye-de-forest.33","https://www.beerwulf.com/globalassets/silly-abbaye-de-forest.33_1_1.png?w=100&h=100","https://www.beerwulf.com/globalassets/silly-abbaye-de-forest.33_1_1.png?w=400&h=400","414","Sprankelende blond met veel koolzuur. Zoete fruitige tonen en een karaktervolle bittere afdronk.","26,85","true"
"Melusine-Love-and-Flowers.33_1","3760057680552","Mélusine Love and Flowers","Brasserie Mélusine","Mélusine","Witbier","2.42","0.00","EUR","https://www.beerwulf.com/nl-be/p/bieren/melusine-love-and-flowers.33","https://www.beerwulf.com/globalassets/melusine-love-and-flowers.33_1_1.png?w=100&h=100","https://www.beerwulf.com/globalassets/melusine-love-and-flowers.33_1_1.png?w=400&h=400","414","Smaakvol Witbier met aroma’s en tonen van bloemetjes. Lekker hoppig en dorstlessend.","26,85","true"
"Peche-Mel-Bush.33_1","5411551130392","Pêche Mel Bush","Brasserie Dubuisson Freres","Bush","Fruitbier","2.59","0.00","EUR","https://www.beerwulf.com/nl-be/p/bieren/peche-mel-bush.33","https://www.beerwulf.com/globalassets/peche-mel-bush.33_1_1.png?w=100&h=100","https://www.beerwulf.com/globalassets/peche-mel-bush.33_1_1.png?w=400&h=400","414","Een vol en sterk amberkleurig bier met flink wat fruitige geuren en smaken. De perzikaroma’s zijn overduidelijk. De lichte moutigheid  en de subtiele zoetheid maken het een mooi geheel.","26,85","true"
"Delirium-Argentum.33_1","5412186003594","Delirium Argentum","Brouwerij L. Huyghe","Delirium","Blond Bier","2.89","0.00","EUR","https://www.beerwulf.com/nl-be/p/bieren/delirium-argentum.33","https://www.beerwulf.com/globalassets/delirium-argentum.33_1_1.png?w=100&h=100","https://www.beerwulf.com/globalassets/delirium-argentum.33_1_1.png?w=400&h=400","414","Amberkleurige bier, gebrouwen ter ere van het 25-jarige bestaan van Delirium. Net als de Tremens een kruidig bier, maar ook me een duidelijke hop toets, die voor citrus aroma's zorgt en een bittere afdronk, die in balans is met de zoetheid. Een IPA op Belgiche wijze.","26,85","true"
"Brixton-Atlantic-APA.33_1","0797776131105","Brixton Atlantic APA","Brixton Brewery","Brixton","Pale Ale","2.69","0.00","EUR","https://www.beerwulf.com/nl-be/p/bieren/brixton-atlantic-apa.33","https://www.beerwulf.com/globalassets/brixton-atlantic-apa.33_1_1.png?w=100&h=100","https://www.beerwulf.com/globalassets/brixton-atlantic-apa.33_1_1.png?w=400&h=400","414","Licht gekleurde pale ale, vol met Amerikaanse hopsoorten, wat zorgt voor een stevig citrus en tropisch fruit aroma. De licht gekleurde mout maakt het geheel knisperend strak. De afdronk is fruitig, vrij lang en iets droog.","26,85","true"
"Het-Nest-Schuppenaas.33_1","5425029490055","Het Nest Schuppenaas","Het Nest","Het nest","Blond Bier","2.59","0.00","EUR","https://www.beerwulf.com/nl-be/p/bieren/het-nest-schuppenaas.33","https://www.beerwulf.com/globalassets/het-nest-schuppenaas.33_1_1.png?w=100&h=100","https://www.beerwulf.com/globalassets/het-nest-schuppenaas.33_1_1.png?w=400&h=400","414","Een oranjekleurig fris en fruitig Blond bier met een duidelijk Brett-karakter en een droge finish","26,85","true"
"St.-Feuillien-Saison.33_1","5412138333311","St. Feuillien Saison","St. Feuillien","St. feuillien","Saison Bier","2.39","0.00","EUR","https://www.beerwulf.com/nl-be/p/bieren/st.-feuillien-saison.33","https://www.beerwulf.com/globalassets/st.-feuillien-saison.33_1_1.png?w=100&h=100","https://www.beerwulf.com/globalassets/st.-feuillien-saison.33_1_1.png?w=400&h=400","414","Verfrissende saison met een sterk dorstlessend karakter. Lichte fruitige en kruidige tonen en een droge finish.","26,85","true"
"La-Chouffe-Cherry-Chouffe.33_1","5410769800097","La Chouffe Cherry Chouffe","Brasserie d'Achouffe","La chouffe","Sour Bier","2.59","0.00","EUR","https://www.beerwulf.com/nl-be/p/bieren/la-chouffe-cherry-chouffe.33","https://www.beerwulf.com/globalassets/chouffe---cherry.png?w=100&h=100","https://www.beerwulf.com/globalassets/chouffe---cherry.png?w=400&h=400","414","Dit rode bier heeft een zeer fruitig aroma, waarin je de malt nog ruikt. De nasmaak is lang, zoet en wrang.","26,85","true"
"Heineken-2L-Keg_1","8006890625981","Heineken - SUB Vat","Heineken Brewery","Heineken","Lager Bier","6.49","0.00","EUR","https://www.beerwulf.com/nl-be/p/bieren/heineken-2l-tapvat","https://www.beerwulf.com/globalassets/catalog/beerwulf/beers/torps/full-sleeves-without-label/heineken_bw_clear.png?w=100&h=100","https://www.beerwulf.com/globalassets/catalog/beerwulf/beers/torps/full-sleeves-without-label/heineken_bw_clear.png?w=400&h=400","414","Heineken is een goudgele lager met 100% natuurlijke ingrediënten en een kleine maar belangrijke toevoeging: Heineken's A-Gist. Deze unieke gist creëert een volle smaak en de typerende fruitige tonen. De afdronk is mild en zacht bitter.","26,85","true"
"Lagunitas-IPA-2L-keg_1","8719638657020","Lagunitas IPA - SUB Vat","Lagunitas Brewing Company","Lagunitas","IPA","13.99","0.00","EUR","https://www.beerwulf.com/nl-be/p/bieren/lagunitas-ipa-2l-tapvat","https://www.beerwulf.com/globalassets/lagunitas-ipa-2l-keg_1_02.png?w=100&h=100","https://www.beerwulf.com/globalassets/lagunitas-ipa-2l-keg_1_02.png?w=400&h=400","414","Deze bekende ""Westcoast Style"" Amerikaanse IPA is echt het voorbeeld in z'n soort. Het bier geeft fruitige citrus aroma's gecombineerd met dennenachtige geuren. De schoonheid van amerikaanse hoppen wordt maximaal uitgenut. De aroma's worden aangenaam gecombineerd met een licht zoete maar zeker niet dominante body.","26,85","true"
"Birra-Moretti-Baffo-dOro-2L-keg_1","8006890626063","Birra Moretti Baffo d'Oro - SUB Vat","Birra Moretti","Birra moretti","Lager Bier","7.99","0.00","EUR","https://www.beerwulf.com/nl-be/p/bieren/birra-moretti-baffo-doro-2l-tapvat","https://www.beerwulf.com/globalassets/birra-moretti-baffo-doro-2l-keg_1_0.png?w=100&h=100","https://www.beerwulf.com/globalassets/birra-moretti-baffo-doro-2l-keg_1_0.png?w=400&h=400","414","Birra Moretti Baffo d'Oro is een pilsener uit Italië, gebrouwen met 100% gerstemout. Verfrissend en moutig van karakter, met een bloemige, hoppige toets. De afdronk is lichtbitter en iets droog.","26,85","true"
"Cruzcampo-Gran-Reserva-2L-keg_1","8006890624977","Cruzcampo Gran Reserva - SUB Vat","Heineken Spain","Cruzcampo","Lager Bier","8.49","0.00","EUR","https://www.beerwulf.com/nl-be/p/bieren/cruzcampo-gran-reserva-2l-tapvat","https://www.beerwulf.com/globalassets/cruzcampo-gran-reserva-2l-keg_1_1.png?w=100&h=100","https://www.beerwulf.com/globalassets/cruzcampo-gran-reserva-2l-keg_1_1.png?w=400&h=400","414","Amberkleurig bier uit Spanje met tonen van karamel. Zoetig van smaak met een ronde bitter. Het iets fruitige en bloemige hopkarakter maken het geheel compleet. Een volle, krachtige lager.","26,85","true"
"Hofbrau-Kaltenhausen-Gandolf-IPA-2L-keg_1","8006890681642","Hofbräu Kaltenhausen Gandolf IPA - SUB Vat","Hofbräu Kaltenhausen","Hofbrau kaltenhausen","IPA","9.49","0.00","EUR","https://www.beerwulf.com/nl-be/p/bieren/hofbrau-kaltenhausen-gandolf-ipa-2l-tapvat","https://www.beerwulf.com/globalassets/hofbrau-kaltenhausen-gandolf-ipa-2l-keg_1_1.png?w=100&h=100","https://www.beerwulf.com/globalassets/hofbrau-kaltenhausen-gandolf-ipa-2l-keg_1_1.png?w=400&h=400","414","Deze heldere IPA heeft een oranje gloed en exotische aroma’s, dankzij de karakteristieke Citrahop. Geniet van de perfecte balans tussen fruitigheid en een harmonische bittere toets.","26,85","true"
"Zipfer-Urtyp-2L-Keg_1","8006890686371","Zipfer Urtyp - SUB Vat","Brau Union","Zipfer","Lager Bier","6.99","0.00","EUR","https://www.beerwulf.com/nl-be/p/bieren/zipfer-urtyp-torp-2l-tapvat","https://www.beerwulf.com/globalassets/zipfer-urtyp-2l-keg_1_1.png?w=100&h=100","https://www.beerwulf.com/globalassets/zipfer-urtyp-2l-keg_1_1.png?w=400&h=400","414","Specialiteit uit Oostenrijk, lichtzoet met een verfijnde finish. Gebrouwen met 4 soorten hop die samen een fruitig karakter creëren voor een cleane en stabiele lager.","26,85","true"
"Two-Chefs-Brewing-Funky-Falcon-Can_1","8719189301649","Two Chefs Funky Falcon","Two Chefs Brewing","Two chefs brewing","Pale Ale","2.89","0.00","EUR","https://www.beerwulf.com/nl-be/p/bieren/two-chefs-brewing-funky-falcon-can","https://www.beerwulf.com/globalassets/funky_falcon_can_tijdelijk.png?w=100&h=100","https://www.beerwulf.com/globalassets/funky_falcon_can_tijdelijk.png?w=400&h=400","414","Diepgeel, licht mistig bier een fijne schuimkraag. Veel fruitige aroma’s van citrusfruit en tropisch fruit. De nasmaak is funky, kruidig bitter en droog.","26,85","true"
"Emelisse-Session-IPA_2","8717853883033","Emelisse Session IPA","Brouwerij Emelisse","Emelisse","IPA","3.69","0.00","EUR","https://www.beerwulf.com/nl-be/p/bieren/emelisse-session-ipa-6701105e","https://www.beerwulf.com/globalassets/emelisse-session-ipa_2_1.png?w=100&h=100","https://www.beerwulf.com/globalassets/emelisse-session-ipa_2_1.png?w=400&h=400","414","Verfrissende IPA met weinig alcohol en veel smaak. Frisse fruitige hoparoma's en zoete mouttonen. De finish is sterk bitter.","26,85","true"
"Kapittel-Watou-Prior-9.33_1","5412896000074","Kapittel Watou Prior 9","Brouwerij Van Eecke","Kapittel","Brown Ale","2.29","0.00","EUR","https://www.beerwulf.com/nl-be/p/bieren/kapittel-watou-prior-9.33","https://www.beerwulf.com/globalassets/kapittel-watou-prior-9.33_1_1.png?w=100&h=100","https://www.beerwulf.com/globalassets/kapittel-watou-prior-9.33_1_1.png?w=400&h=400","414","Vol en rijk bier met aroma's van karamel, toffee en chocolade. Krachtig, zoet met een licht bittere finish.","26,85","true"
"Blanche-Watou-Witbier.33_1","5412896000128","Blanche Watou Witbier","Brouwerij Van Eecke","Blanche","Witbier","1.99","0.00","EUR","https://www.beerwulf.com/nl-be/p/bieren/blanche-watou-witbier.33","https://www.beerwulf.com/globalassets/blanche-watou-witbier.33_1_1.png?w=100&h=100","https://www.beerwulf.com/globalassets/blanche-watou-witbier.33_1_1.png?w=400&h=400","414","Verfrissend witbier met een licht zuurtje. Ideaal zomerbier, zeer dorstlessend.","26,85","true"
"Pistonhead-Amber.33_1","7310401019901","Pistonhead Amber","Piston Head","Pistonhead","Amber & Red Ale","2.39","0.00","EUR","https://www.beerwulf.com/nl-be/p/bieren/pistonhead-amber.33","https://www.beerwulf.com/globalassets/pistonhead-amber.33_1_1.png?w=100&h=100","https://www.beerwulf.com/globalassets/pistonhead-amber.33_1_1.png?w=400&h=400","414","This Amber style Lager is a dark full-bodied brew. It's dry hopped with Citra and Cascade to offer a spicy citrus edge.","26,85","true"
"Oedipus-Pilsner.33_1","8719325266153","Oedipus Pilsner","Brouwerij Oedipus","Oedipus","Pilsner & Hoppy Lager","2.89","0.00","EUR","https://www.beerwulf.com/nl-be/p/bieren/oedipus-pilsner.33","https://www.beerwulf.com/globalassets/oedipus-pilsner.33_1_1.png?w=100&h=100","https://www.beerwulf.com/globalassets/oedipus-pilsner.33_1_1.png?w=400&h=400","414","Tijdens de Dutch Beer Challenge 2019 uitgeroepen tot beste pilsener van Nederland. Dit is een klassieke pilsener, gebrouwen met Duitse en Tjechische hoppen. De subtiele dryhop geeft een mooie bloemige en fruitige toets met een vleugje citroengras. Strak en licht zoet van smaak, met een frisdroge, medium bittere afdronk.","26,85","true"
"Gallia-Brut-IPA.33_1","3700693900058","Gallia Brut IPA","Gallia","Gallia","IPA","2.89","0.00","EUR","https://www.beerwulf.com/nl-be/p/bieren/gallia-brut-ipa.33","https://www.beerwulf.com/globalassets/gallia-brut-ipa.33_1_2.png?w=100&h=100","https://www.beerwulf.com/globalassets/gallia-brut-ipa.33_1_2.png?w=400&h=400","414","Krachtige IPA gebrouwen met Amarillo, Cascade en Simcoe hop. Veel fruitige aroma's op een stevig moutbed. De finish is stevig bitter.","26,85","true"
"Force-Majeure-Traditional-Blond.33_1","7446022822894","Force Majeure Traditional Blond","Force Majeure","Force majeure","Blond Bier","2.29","0.00","EUR","https://www.beerwulf.com/nl-be/p/bieren/force-majeure-traditional-blond.33","https://www.beerwulf.com/globalassets/force-majeure-traditional-blond.33_1_1.png?w=100&h=100","https://www.beerwulf.com/globalassets/force-majeure-traditional-blond.33_1_1.png?w=400&h=400","414","Fris alcoholvrij bier, geïnspireerd op Belgische blonde bieren. Niet zo zoet van smaak met een lichte citrus toets en een iets droge, medium bittere afdronk.","26,85","true"
"Baptist-Wit.33_1","5411663002778","Baptist Wit","Brouwerij Van Steenberge","Baptist","Witbier","1.59","0.00","EUR","https://www.beerwulf.com/nl-be/p/bieren/baptist-wit.33","https://www.beerwulf.com/globalassets/baptist-wit.33_1_1.png?w=100&h=100","https://www.beerwulf.com/globalassets/baptist-wit.33_1_1.png?w=400&h=400","414","Verfrissend Witbier met tonen van citrus en koriander. Een dorstlesser voor zonnig dagen.","26,85","true"
"Gosser-Radler---2L-Keg_1","8006890687132","Gösser Radler - SUB Vat","null","Gosser","Lager Bier","6.99","0.00","EUR","https://www.beerwulf.com/nl-be/p/bieren/gosser-radler-2l-tapvat","https://www.beerwulf.com/globalassets/gosser-radler---2l-keg_1_1.png?w=100&h=100","https://www.beerwulf.com/globalassets/gosser-radler---2l-keg_1_1.png?w=400&h=400","414","Volle Gösser en 100% natuurlijk citroensap komen samen voor een verfrissend lichte bierervaring - de GösserNaturRadler! Het vleugje natuurlijk citroensap geeft GösserNaturRadler een licht troebel uiterlijk. Het lage alcoholgehalte, uitsluitend natuurlijke fructose en de afwezigheid van toevoegingsmiddelen maakt van GösserNaturRadler een natuurlijke dorstlesser met een zeer harmonieuze smaak.","26,85","true"
"Murphys-Irish-Stout.5_1","5035766060253","Murphy's Irish Stout","Murphy's Brewery","Murphy's","Stout & Porter","2.49","0.00","EUR","https://www.beerwulf.com/nl-be/p/bieren/murphys-irish-stout.5","https://www.beerwulf.com/globalassets/murphys-irish-stout.5_1_1.png?w=100&h=100","https://www.beerwulf.com/globalassets/murphys-irish-stout.5_1_1.png?w=400&h=400","414","Ierse stout met 'nitro-widget'. De stikstof in het balletje komt vrij bij het openen van het bier. Het geeft een klein, fijn en zeer stabiel laagje schuim. Het bier wordt gekenmerkt dor de geroosterde mout en de lichte body. Deze combinatie geeft tegelijkertijd een robuust en verfrissend karakter.","26,85","true"
"Birra-Moretti-LAutentica.33_1","8001435310018","Birra Moretti L'Autentica","Birra Moretti","Birra moretti","Lager Bier","1.69","0.00","EUR","https://www.beerwulf.com/nl-be/p/bieren/birra-moretti-lautentica.33","https://www.beerwulf.com/globalassets/catalog/beerwulf/beers/birra_moretti_lautentica_2.png?w=100&h=100","https://www.beerwulf.com/globalassets/catalog/beerwulf/beers/birra_moretti_lautentica_2.png?w=400&h=400","414","Dit licht gekleurde bier is zacht van smaak. Je proeft tonen uit de mout en de hop. Het plakt een heel klein beetje aan je tong en de afdronk is zacht en bitter.","26,85","true"
"La-Cristal-IPA-du-Mont-Blanc-TORP---2L-keg_1","7106618773848","La Cristal IPA du Mont Blanc - SUB Vat","Brasserie Du Mont Blanc","Brasserie du mont blanc","IPA","16.99","0.00","EUR","https://www.beerwulf.com/nl-be/p/bieren/la-cristal-ipa-du-mont-blanc-2l-tapvat","https://www.beerwulf.com/globalassets/catalog/beerwulf/beers/torps/with-label/torp_2lkeg_du_mont_blanc_la_cristal_ipa.png?w=100&h=100","https://www.beerwulf.com/globalassets/catalog/beerwulf/beers/torps/with-label/torp_2lkeg_du_mont_blanc_la_cristal_ipa.png?w=400&h=400","414","Een lichte, kristalheldere IPA gebrouwen met water van de Franse Mont Blanc. Licht kruidig, bloemig, hoppig en lekker verfrissend!De gluten zijn verwijderd tijdens het brouwproces - iedere batch is getest tot onder 20ppm.","26,85","true"
"Tiger_2","8712000053949","Tiger Lager","Tiger","Tiger","Lager Bier","1.79","0.00","EUR","https://www.beerwulf.com/nl-be/p/bieren/tiger-Lager.33","https://www.beerwulf.com/globalassets/tiger_2_0.png?w=100&h=100","https://www.beerwulf.com/globalassets/tiger_2_0.png?w=400&h=400","414","Goudgeel bier met een witte schuimkraag. Moutige aroma’s en een zoete moutige smaak. Koud gedronken een uitstekende dorstlesser.","26,85","true"
"Adriaen-Brouwer-Oaked_2","5412583201265","Roman Adriaen Brouwer Oaked","Brouwerij Roman","Adriaen brouwer","Quadrupel","2.49","0.00","EUR","https://www.beerwulf.com/nl-be/p/bieren/roman-adriaen-brouwer-oaked.33","https://www.beerwulf.com/globalassets/adriaen-brouwer-oaked_2_1.png?w=100&h=100","https://www.beerwulf.com/globalassets/adriaen-brouwer-oaked_2_1.png?w=400&h=400","414","","26,85","true"
"White-Pony-Microbrewery-X.M.A.S_2","0644221871423","White Pony Microbrewery X.M.A.S","White Pony Microbrewery","White pony","Brown Ale","1.87","0.00","EUR","https://www.beerwulf.com/nl-be/p/bieren/white-pony-microbrewery-xmas.33","https://www.beerwulf.com/globalassets/white-pony-microbrewery-x.m.a.s_2_1.png?w=100&h=100","https://www.beerwulf.com/globalassets/white-pony-microbrewery-x.m.a.s_2_1.png?w=400&h=400","414","Een donker Winterbier met karaktertrekken van een. Saison. Tonen van geroosterde mout, chocolade en koffie. Zeer toegankelijk. Een bier dat verbroedert, een bier met een echte kerstgedachte.","26,85","true"
"Hopfmeister-Franz-Josef-Torp-2L-Keg_1","7106618773329","Hopfmeister Franz Josef - SUB Vat","Hopfmeister","Hopfmeister","Lager Bier","15.99","0.00","EUR","https://www.beerwulf.com/nl-be/p/bieren/hopfmiester-franz-josef-2l-tapvat","https://www.beerwulf.com/globalassets/hopfmeister-franz-josef-torp-2l-keg_1_1.png?w=100&h=100","https://www.beerwulf.com/globalassets/hopfmeister-franz-josef-torp-2l-keg_1_1.png?w=400&h=400","414","Dit frisse en helder bier is zacht. Het aroma is lichtzoet en lichtbitter en zeer toegankelijk. De nasmaak is zacht en lang, zeer lang","26,85","true"
"Krusovice-Royal-Dark-TORP---2L-Keg_1","8006890683370","Krusovice Royal Dark - SUB Vat","null","Krusovice","Lager Bier","7.99","0.00","EUR","https://www.beerwulf.com/nl-be/p/bieren/krusovice-royal-dark-2l-tapvat","https://www.beerwulf.com/globalassets/krusovice-royal-dark-torp---2l-keg_1_1.png?w=100&h=100","https://www.beerwulf.com/globalassets/krusovice-royal-dark-torp---2l-keg_1_1.png?w=400&h=400","414","De Krušovice Royal Dark is het product van de Koninklijke bierbrouwerij van Krušovice. Een vleugje zoete karamel en milde bittere tonen geven dit donkere Tsjechische bier het typische karakter en de heerlijke soepele afdronk.","26,85","true"
"Gebrouwen-door-Vrouwen-Gluh-Weizen_2","8719689872717","Gebrouwen door Vrouwen Glüh Weizen","Gebrouwen Door Vrouwen","Beerwulf","Witbier","2.49","0.00","EUR","https://www.beerwulf.com/nl-be/p/bieren/gebrouwen-door-vrouwen-gluh-weizen.33","https://www.beerwulf.com/globalassets/catalog/beerwulf/beers/weizen/gluh_weizen_gebrouwen_door_vrouwen-2.png?w=100&h=100","https://www.beerwulf.com/globalassets/catalog/beerwulf/beers/weizen/gluh_weizen_gebrouwen_door_vrouwen-2.png?w=400&h=400","414","Glüh Weizen, een witbier met kruiden uit Glüwein: sinaasappelschil, kaneel, steranijs en kruidnagel. Het amberkleurige bier is uiteraard behoorlijk kruidig, dat goed samengaat met de voor weizen typerende aroma's van banaan en kruidnagel. De kaneel geeft een subtiel pittig toetsje, wat de mild bittere  afdronk een verwarmende dimensie geeft. ""Glühwein meets weizen"" en dat is het.","26,85","true"
"Krombacher-PilsDraughtKeg5_14692","4008287032031","Krombacher Pils - Tapvat","Krombacher","Krombacher","Pilsner & Hoppy Lager","21.99","0.00","EUR","https://www.beerwulf.com/nl-be/p/bieren/krombacher-pils-5l-tapvat","https://www.beerwulf.com/globalassets/krombacher-pilsdraughtkeg5_14692_2.png?w=100&h=100","https://www.beerwulf.com/globalassets/krombacher-pilsdraughtkeg5_14692_2.png?w=400&h=400","414","Volgens Duitse traditie gebrouwen pilsener: zuiver en knisperend van karakter met subtiele hoppige tonen van citrus en bloemen. Fris van smaak met een licht bittere afdronk welke in balans is met de iets zoete toenen uit de mout.","26,85","true"
"Affligem-Cuvée-CarminDraughtKeg5_14701","3119780260881","Affligem Cuvée Carmin - Tapvat","null","Affligem","Fruitbier","21.99","0.00","EUR","https://www.beerwulf.com/nl-be/p/bieren/affligem-cuvee-carmin-5l-tapvat","https://www.beerwulf.com/globalassets/affligem-cuvee-carmindraughtkeg5_14701_0.png?w=100&h=100","https://www.beerwulf.com/globalassets/affligem-cuvee-carmindraughtkeg5_14701_0.png?w=400&h=400","414","De Affligem Carmin is rijk aan mout en zit barstensvol fruitige smaken met natuurlijke aroma's van aardbei, framboos en kers.","26,85","true"
"Tre-Fontane-/-Spencer-Sinergia-'19Bottle.33_14719","0710535344349","Tre Fontane / Spencer Sinergia '19","Abdij Tre Fontane","Tre fontane","IPA","4.40","0.00","EUR","https://www.beerwulf.com/nl-be/p/bieren/tre-fontane-spencer-sinergia-19.33","https://www.beerwulf.com/globalassets/tre-fontane--spencer-sinergia-19bottle.33_14719_0.png?w=100&h=100","https://www.beerwulf.com/globalassets/tre-fontane--spencer-sinergia-19bottle.33_14719_0.png?w=400&h=400","414","De eerste collab tussen 2 erkende trappisten brouwerijen: Tre Fontane uit Italië en Spencer uit de VS. Deze IPA is van Amerikaanse leest. Het aroma is een combinatie van harsige hop en citrus fruit. Stevig van smaak, zowel zoetige, gekarameliseerde tonen uit de mout als kruidige, bittere tonen uit de hop. De afdronk is redelijk lang en behoorlijk bitter.","26,85","true"
"CobraBottle.33_14737","5010038462423","Cobra","Cobra Beer","Cobra","Lager Bier","2.39","0.00","EUR","https://www.beerwulf.com/nl-be/p/bieren/cobra-bottle-.33","https://www.beerwulf.com/globalassets/cobrabottle.33_14737_1.png?w=100&h=100","https://www.beerwulf.com/globalassets/cobrabottle.33_14737_1.png?w=400&h=400","414","Een traditioneel Indiaas bier. Goudkleurig, soepel en subtiel met aroma’s van mout. Dorstlessend met een lichte bitterheid.","26,85","true"
"Alken-Maes-PilsBottle.25_14802","0000054017016","Alken Maes Pils","Brouwerijen Alken-Maes","Alken maes","Pilsner & Hoppy Lager","1.27","0.00","EUR","https://www.beerwulf.com/nl-be/p/bieren/maes-pils","https://www.beerwulf.com/globalassets/alken-maes-pilsbottle.25_14802_1.png?w=100&h=100","https://www.beerwulf.com/globalassets/alken-maes-pilsbottle.25_14802_1.png?w=400&h=400","414","Verfrissend en dorstlessend Belgisch Pils met een karaktervolle bittere bite dankzij de Saaz-hop.","26,85","true"
"Fourpure-Juicebox-Citrus-IPACan.33_14842","5060393850724","Fourpure Juicebox Citrus IPA","Fourpure","Fourpure","IPA","1.72","0.00","EUR","https://www.beerwulf.com/nl-be/p/bieren/fourpure-juicebox-citrus-ipa-can-.33","https://www.beerwulf.com/globalassets/fourpure-juicebox-citrus-ipacan.33_14842_0.png?w=100&h=100","https://www.beerwulf.com/globalassets/fourpure-juicebox-citrus-ipacan.33_14842_0.png?w=400&h=400","414","Deze IPA is gebrouwen met sinaasappelschil en is levendig, pittig en zit boordevol sinaasappelachtige smaken, in combinatie met pijnboomachtige, harsachtige hop en een lange, droge afdronk.","26,85","true"
"Mort-Subite-Kriek-Lambic.25_14867","5411656050977","Mort Subite Kriek Lambic","Brouwerij Alken-Maes","Mort subite","Fruitbier","1.99","0.00","EUR","https://www.beerwulf.com/nl-be/p/bieren/mort-subite-kriek-lambic-bottle-.25","https://www.beerwulf.com/globalassets/mort-subite-kriek-lambic.25_14867_0.png?w=100&h=100","https://www.beerwulf.com/globalassets/mort-subite-kriek-lambic.25_14867_0.png?w=400&h=400","414","Roodkleurig bier, vrijwel helder, kleur is roze gekleurd. De smaak zit boordevol zuren kersen. In dit bier spelen zoet en zuur samen, waarbij het zuur de bovenliggende partij is.","26,85","true"
"Brouwerij-'t-IJ-IPABottle.33_14879","8717545261330","Brouwerij 't IJ IPA","Brouwerij 't IJ","T ij","IPA","2.49","0.00","EUR","https://www.beerwulf.com/nl-be/p/bieren/t-ij-ipa-bottle-33","https://www.beerwulf.com/globalassets/t-ij-ipabottle.33_14879_0.png?w=100&h=100","https://www.beerwulf.com/globalassets/t-ij-ipabottle.33_14879_0.png?w=400&h=400","414","Een India Pale Ale met een uitgesproken bitterheid vanaf de eerste slok. Bloemige aroma's en hinten van grapefruit in de neus. De bittere afdronk blijf je nog wel even proeven.","26,85","true"
"Het-Uiltje-Bird-of-PreyCan.33_14812","8719325257496","Bird of Prey","Brouwerij Het Uiltje","Het uiltje","IPA","3.09","0.00","EUR","https://www.beerwulf.com/nl-be/p/bieren/het-uiltje-bird-of-prey-can-.33","https://www.beerwulf.com/globalassets/het-uiltje-bird-of-preycan.33_14812_0.png?w=100&h=100","https://www.beerwulf.com/globalassets/het-uiltje-bird-of-preycan.33_14812_0.png?w=400&h=400","414","Fruitige IPA met een sterk - typisch Uiltje - hop karakter. Zowel tropisch fruit als citrusfruit en natuurlijk een stevige bittere finish.","26,85","true"
"Lindemans-Cassis.25_1","5411223030098","Lindemans Cassis","Brouwerij Lindemans","Lindemans","Fruitbier","2.49","0.00","EUR","https://www.beerwulf.com/nl-be/p/bieren/lindemans-cassis.25","https://www.beerwulf.com/globalassets/lindemans-cassis.25_1_1.png?w=100&h=100","https://www.beerwulf.com/globalassets/lindemans-cassis.25_1_1.png?w=400&h=400","414","Paars, rood cassiskleurig met gekleurde schuimkraag. Zuur en zoet houden elkaar in evenwicht in dit sappige bier. Volle aroma’s van zwarte bessen.","26,85","true"
"Kompaan-BadgastBottle.33_14992","8718868044778","Kompaan Badgast","Brouwerij Kompaan","Kompaan","Pale Ale","2.89","0.00","EUR","https://www.beerwulf.com/nl-be/p/bieren/kompaan-badgast-bottle-.33","https://www.beerwulf.com/globalassets/kompaan-badgastbottle.33_14992_0.png?w=100&h=100","https://www.beerwulf.com/globalassets/kompaan-badgastbottle.33_14992_0.png?w=400&h=400","414","Badgast is een ideaal bier voor op het terras. Het heeft de bitterheid van een lager, een duidelijke moutigheid en zit vol frisse fruitaroma's waaronder mandarijn en ander citrusfruit.","26,85","true"
"Maredsous-BlondeBottle.33_14815","5411681035000","Maredsous Blonde","Abbaye de Maredsous","Maredsous","Blond Bier","2.59","0.00","EUR","https://www.beerwulf.com/nl-be/p/bieren/maredsous-blonde-bottle-.33","https://www.beerwulf.com/globalassets/maredsous-blondebottle.33_14815_0.png?w=100&h=100","https://www.beerwulf.com/globalassets/maredsous-blondebottle.33_14815_0.png?w=400&h=400","414","Een aanzet van honing, een beetje gerookt waarbij eveneens een subtiele karameltoets op te merken valt. Een zachte bitterheid en duidelijke hoppigheid worden afgerond met een loepzuivere nasmaak.","26,85","true"
"Studio-Oedipus-No.-11Bottle.38_15056","8719325266191","Studio Oedipus No. 11","Brouwerij Oedipus","Oedipus","Sour Bier","6.99","0.00","EUR","https://www.beerwulf.com/nl-be/p/bieren/studio-oedipus-no.-11-bottle-.38","https://www.beerwulf.com/globalassets/studio-oedipus-no.-11bottle.38_15056_0.png?w=100&h=100","https://www.beerwulf.com/globalassets/studio-oedipus-no.-11bottle.38_15056_0.png?w=400&h=400","414","Straffe sour met Brettanomyces B.A.","26,85","true"
"Ninkasi-Smoky-AleBottle.33_14910","3760029980871","Ninkasi Smoky Ale","Ninkasi Fabriques","Ninkasi","Amber & Red Ale","2.99","0.00","EUR","https://www.beerwulf.com/nl-be/p/bieren/ninkasi-smoky-ale-bottle-.33","https://www.beerwulf.com/globalassets/ninkasi-smoky-alebottle.33_14910_0.png?w=100&h=100","https://www.beerwulf.com/globalassets/ninkasi-smoky-alebottle.33_14910_0.png?w=400&h=400","414","Ninkasi Smokey ale is een amberkleurig bier geïnspireerd door de wereld van de whisky. Gebouwen van mout gerookt op turf, gerijpt in stukjes eikenhout met sherrysmaak. Dit bier heeft nootachtige aroma's in de neus en een vleugje banaan uit het hout. Op het palet komt vooral de turf naar voren, voor een sensatie met een delicate rooksmaak, verzacht door een lichte bitterheid van Engelse hop.","26,85","true"
"vandeStreek-Fruit-MachineBottle.33_15120","8720153280068","vandeStreek Fruit Machine","vandeStreek","Vandestreek","Sour Bier","2.59","0.00","EUR","https://www.beerwulf.com/nl-be/p/bieren/vandestreek-fruit-machine-bottle-.33","https://www.beerwulf.com/globalassets/vandestreek-fruit-machinebottle.33_15120_02.png?w=100&h=100","https://www.beerwulf.com/globalassets/vandestreek-fruit-machinebottle.33_15120_02.png?w=400&h=400","414","Verrassend frisse Non Alcoholic. Roze van kleur en een echte fruitbom door de toegevoegde frambozen en blauwe bessen. Licht zuur/ rins en daardoor zeer doordrinkbaar.","26,85","true"
"vandeStreek-Hazy-WeekendCan.33_15122","8720153280303","vandeStreek Hazy Weekend","vandeStreek","Vandestreek","IPA","3.19","0.00","EUR","https://www.beerwulf.com/nl-be/p/bieren/vandestreek-hazy-weekend-can-.33","https://www.beerwulf.com/globalassets/vandestreek-hazy-weekendcan.33_15122_0.png?w=100&h=100","https://www.beerwulf.com/globalassets/vandestreek-hazy-weekendcan.33_15122_0.png?w=400&h=400","414","Zeer fruitig, stro-gele NEIPA, die niet te zoet gebrouwen is. Volop ruimte voor het heerlijke dry-hop aroma welke gebaseerd is op 50% Amarillo en de andere 50% telkens wisselt.","26,85","true"
"Sloeber-IPABottle.33_14922","5412583203177","Sloeber IPA","Brouwerij Roman","Roman","IPA","2.45","0.00","EUR","https://www.beerwulf.com/nl-be/p/bieren/sloeber-ipa-bottle-.33","https://www.beerwulf.com/globalassets/sloeber-ipabottle.33_14922_0.png?w=100&h=100","https://www.beerwulf.com/globalassets/sloeber-ipabottle.33_14922_0.png?w=400&h=400","414","Een zware India Pale Ale gebrouwen met vier aromatische hopsoorten. Tonen van citrusfruit en abrikoos en natuurlijk, zoals je dat mag verwachten van een goede IPA, een stevig portie biterheid.","26,85","true"
"Poesiat-&-Kater:-Van-Vollenhoven-Falcon-AleBottle.33_15168","8719324641395","Poesiat & Kater: Van Vollenhoven Falcon Ale","Poesiat & Kater","Poesiat & kater","Pale Ale","2.79","0.00","EUR","https://www.beerwulf.com/nl-be/p/bieren/poesiat--kater-van-vollenhoven-falcon-ale-bottle-.33","https://www.beerwulf.com/globalassets/poesiat--kater-van-vollenhoven-falcon-alebottle.33_15168_0.png?w=100&h=100","https://www.beerwulf.com/globalassets/poesiat--kater-van-vollenhoven-falcon-alebottle.33_15168_0.png?w=400&h=400","414","Fruitige pale ale, gebaseerd op een historisch recept waarmee Van Vollenhoven al in 1855 prijzen won. De geur is tropisch fruitig. De hopbitter is een prettige tegenhanger. De afdronk is ook fruitig, zoals grapefruit.","26,85","true"
"RamonCan.33_14924","5412583208509","Ramon","Brouwerij Roman","Roman","Blond Bier","1.99","0.00","EUR","https://www.beerwulf.com/nl-be/p/bieren/ramon-can-.33","https://www.beerwulf.com/globalassets/ramoncan.33_14924_0.png?w=100&h=100","https://www.beerwulf.com/globalassets/ramoncan.33_14924_0.png?w=400&h=400","414","Verfrissend non-alcoholic bier. Strogeel van kleur met een fijne witte schuimkraag. Moutige en licht fruitige aroma’s met een prikkelend bittere afdronk.","26,85","true"
"Tyris-IPABottle.33_15160","8436571780034","Tyris IPA","null","Tyris","IPA","2.79","0.00","EUR","https://www.beerwulf.com/nl-be/p/bieren/tyris-ipa-bottle-.33","https://www.beerwulf.com/globalassets/tyris-ipabottle.33_15160_0.png?w=100&h=100","https://www.beerwulf.com/globalassets/tyris-ipabottle.33_15160_0.png?w=400&h=400","414","Fijne domkergouden IPA met zowel aroma’s vanuit de mout als van de hop. Tonen van citrusfruit en een pittige harsachtige bittere finish.","26,85","true"
"Edelweiss-Blanche---Draught-KegDraughtKeg5_15214","3119780273522","Edelweiss Blanche - Tapvat","Edelweiss","Edelweiss","Witbier","18.89","0.00","EUR","https://www.beerwulf.com/nl-be/p/bieren/edelweiss-blanche-5l-tapvat","https://www.beerwulf.com/globalassets/edelweiss-blanche---draught-kegdraughtkeg5_15214_1.png?w=100&h=100","https://www.beerwulf.com/globalassets/edelweiss-blanche---draught-kegdraughtkeg5_15214_1.png?w=400&h=400","414","Edelweiss Blanche, gebrouwen met bergkruiden, heeft een evenwichtige smaak met een aangename zuurtegraad en een lichte bitterheid. Zijn zoete en fruitige smaken maken het een heerlijk verfrissend bier.","26,85","true"
"Perle-IPABottle.33_15237","3760188960141","Perle IPA","null","Perle","IPA","3.39","0.00","EUR","https://www.beerwulf.com/nl-be/p/bieren/perle-ipa-bottle-.33","https://www.beerwulf.com/globalassets/perle-ipabottle.33_15237_0.png?w=100&h=100","https://www.beerwulf.com/globalassets/perle-ipabottle.33_15237_0.png?w=400&h=400","414","Dominante fruitige aroma’s met een granenbasis en harsachtige bitterheid, tropisch fruit en citrus. Verfrissend, bitter en droog.","26,85","true"
"Ninkasi-Session-IPABottle.33_15272","3760029981113","Ninkasi Session IPA","Ninkasi Fabriques","Ninkasi","IPA","2.89","0.00","EUR","https://www.beerwulf.com/nl-be/p/bieren/ninkasi-session-ipa-bottle-.33","https://www.beerwulf.com/globalassets/ninkasi-session-ipabottle.33_15272_0.png?w=100&h=100","https://www.beerwulf.com/globalassets/ninkasi-session-ipabottle.33_15272_0.png?w=400&h=400","414","De Ninkasi Session IPA is een goudkleurig bier, gebrouwen met Amerikaanse hop. De Simcoe-hop zorgt voor een fruitige neus van exotisch fruit met tonen passiefruit, die in de mond blijven hangen. Glacier-hop zorgt voor balans tussen aroma’s en bitterheid.","26,85","true"
"Troost-New-EnglandCan.33_15095","8718868912886","Troost New England","Brouwerij Troost","Troost","IPA","3.09","0.00","EUR","https://www.beerwulf.com/nl-be/p/bieren/troost-new-england-can-.33","https://www.beerwulf.com/globalassets/troost-new-englandcan.33_15095_1.png?w=100&h=100","https://www.beerwulf.com/globalassets/troost-new-englandcan.33_15095_1.png?w=400&h=400","414","Zoete geuren als lychee, perzik, sinaasappel en rijpe meloen knallen uit het glas. In tegenstelling tot andere IPA’s is deze niet bitter, maar vol en lichtzoet.","26,85","true"
"De-Brabandere-Kwaremont-0,3%Bottle.33_15016","5411831003545","De Brabandere Kwaremont 0,3%","Brouwerij De Brabandere","Kwaremont","Blond Bier","2.29","0.00","EUR","https://www.beerwulf.com/nl-be/p/bieren/de-brabandere-kwaremont-03-bottle-.33","https://www.beerwulf.com/globalassets/de-brabandere-kwaremont-03bottle.33_15016_0.png?w=100&h=100","https://www.beerwulf.com/globalassets/de-brabandere-kwaremont-03bottle.33_15016_0.png?w=400&h=400","414","Kwaremont 0.3 is het alcoholarme zusje van Kwaremont. Een pittig gekruid en karaktervol bier met een dorstlessende afdronk.","26,85","true"
"Kees-Pale-Ale-Citra_2","8718868545756","Kees Pale Ale Citra","Brouwerij Kees","Kees","Pale Ale","3.19","0.00","EUR","https://www.beerwulf.com/nl-be/p/bieren/kees-pale-ale-citra-ff40f6b2","https://www.beerwulf.com/globalassets/kees-pale-ale-citra_2_1.png?w=100&h=100","https://www.beerwulf.com/globalassets/kees-pale-ale-citra_2_1.png?w=400&h=400","414","Oranje kleurig, nevelig. Bier heeft een licht gekleurde schuimkraag. De citrusaroma’s stuiven je glas uit, met name grapefruit. Daarnaast heeft de Citra Pale Ale ook wat tropisch fruit. De afdronk is lang en fruitig bitter van karakter.","26,85","true"
"Les-3-Croquants-Blonde-d'AquitaineBottle.33_15467","3770008737051","Les 3 Croquants Blonde d'Aquitaine","Brasserie des 3 Croquants","Les 3 croquants","Blond Bier","2.69","0.00","EUR","https://www.beerwulf.com/nl-be/p/bieren/les-3-croquants-blonde-daquitaine-bottle-.33","https://www.beerwulf.com/globalassets/les-3-croquants-blonde-daquitainebottle.33_15467_0.png?w=100&h=100","https://www.beerwulf.com/globalassets/les-3-croquants-blonde-daquitainebottle.33_15467_0.png?w=400&h=400","414","Een fijn Blond bier met lichte carbonatie. Volop graan en honing in de geur, maar ook in de smaak. Zacht en rond door de toevoeging van mais.","26,85","true"
"Affligem-Fris-Blond-SUB-KegTorp2_15422","8006890687644","Affligem Fris Blond 4.6 - SUB Vat","Affligem Brouwerij","Affligem","Blond Bier","7.99","0.00","EUR","https://www.beerwulf.com/nl-be/p/bieren/affligem-fris-blond-2l-tapvat","https://www.beerwulf.com/globalassets/affligem-fris-blond-sub-kegtorp2_15422_0.png?w=100&h=100","https://www.beerwulf.com/globalassets/affligem-fris-blond-sub-kegtorp2_15422_0.png?w=400&h=400","414","Helder Blond bier met 4,6% alcohol. Extra verfrissend met een volle smaak en een zachte fruitigheid.","26,85","true"
"Cap-dOna-Brune-Bio-au-Seigle_Beer_15583","3760032530131","Cap d'Ona Brune Bio au Seigle","Brasserie Cap D'Ona","Cap dona","Brown Ale","3.99","0.00","EUR","https://www.beerwulf.com/nl-be/p/bieren/cap-dona-brune-bio-au-seigle-bottle-.33","https://www.beerwulf.com/globalassets/cap-dona-brune-bio-au-seigle_beer_15583_0.png?w=100&h=100","https://www.beerwulf.com/globalassets/cap-dona-brune-bio-au-seigle_beer_15583_0.png?w=400&h=400","414","De smaakpapillen worden getrakteerd op de smaak van koffie en geroosterde mout, gecombineerd met de zoetheid van verfijnde Cerdanya-rogge. Goed gebalanceerde bitterheid met een vleugje zoetheid met geroosterde tonen.","26,85","true"
"Stone-Go-To-IPA---SUB-Keg_Beer_15596","7106618767557","Stone Go To IPA - SUB Vat","Stone Brewing Berlin","Stone","IPA","17.49","0.00","EUR","https://www.beerwulf.com/nl-be/p/bieren/stone-go-to-ipa-2l-tapvat","https://www.beerwulf.com/globalassets/stone-go-to-ipa---sub-keg_beer_15596_02.png?w=100&h=100","https://www.beerwulf.com/globalassets/stone-go-to-ipa---sub-keg_beer_15596_02.png?w=400&h=400","414","Aan het eind van het brouwproces wordt er een wagonlading hop toegevoegd. Het resultaat is een woud aan fruitige aroma’s en een stevige bitterheid. Een hop-explosie met maar 4,7% alcohol.","26,85","true"
"Vagabund-My-Saddle-My-Pony--Me---SUB-Keg_Beer_15847","7106618770489","Vagabund My Saddle, My Pony & Me - SUB Vat","Vagabund Brauerei","Vagabund","Pale Ale","15.99","0.00","EUR","https://www.beerwulf.com/nl-be/p/bieren/vagabund-my-saddle-my-pony-me-2l-tapvat","https://www.beerwulf.com/globalassets/vagabund-my-saddle-my-pony--me---sub-keg_beer_15847_0.png?w=100&h=100","https://www.beerwulf.com/globalassets/vagabund-my-saddle-my-pony--me---sub-keg_beer_15847_0.png?w=400&h=400","414","Fijne Pale Ale met alles er op en er aan. Een mooie moutigheid en daaroverheen een laag van frisse, fruitige hoparoma’s van vooral citrusfruit. De fruitigheid en de ronde bittere afdronk bepalen het karakter.","26,85","true"
"Dos-Equis-Lager-Especial_Beer_15851","0072311130127","Dos Equis Lager Especial","Cervecería Cuauhtémoc Moctezuma","Dos equis","Lager Bier","1.27","0.00","EUR","https://www.beerwulf.com/nl-be/p/bieren/dos-equis-lager-especial-bottle-.36","https://www.beerwulf.com/globalassets/dos-equis-lager-especial_beer_15851_0.png?w=100&h=100","https://www.beerwulf.com/globalassets/dos-equis-lager-especial_beer_15851_0.png?w=400&h=400","414","Makkelijk doordrinkbare, iets zoetige lager. Typisch voorbeeld van bier gebrouwen in de Noord-Amerikaanse en Mexicaanse traditie.","26,85","true"
"And-Union-Friday_Beer_15853","4260610290383","And Union Friday","And Union","And union","Lager Bier","2.49","0.00","EUR","https://www.beerwulf.com/nl-be/p/bieren/and-union-friday-can-.33","https://www.beerwulf.com/globalassets/and-union-friday_beer_15853_03.png?w=100&h=100","https://www.beerwulf.com/globalassets/and-union-friday_beer_15853_03.png?w=400&h=400","414","Lekkere dikke fruitige IPA. Koperkleurig, licht troebel met vooral veel tropische fruit aroma’s. Zoete karamelachtige tonen uit de mout geven balans en halen de scherpe randjes van de bitterheid.","26,85","true"
"And-Union-Sunday_Beer_15855","4260610290376","And Union Sunday","And Union","And union","Pale Ale","2.49","0.00","EUR","https://www.beerwulf.com/nl-be/p/bieren/and-union-sunday-can-.33","https://www.beerwulf.com/globalassets/and-union-sunday_beer_15855_03.png?w=100&h=100","https://www.beerwulf.com/globalassets/and-union-sunday_beer_15855_03.png?w=400&h=400","414","Een smaakvol en soepel bier, easy like a sunday morning. Aroma zit vol fruitige tonen. Licht hoppige en moutige tonen geven dit bier balans.","26,85","true"
"Hapkin---Blade-Keg_Beer_20561","3119780269266","Hapkin - Blade Vat","null","Hapkin","Blond Bier","40.99","0.00","EUR","https://www.beerwulf.com/nl-be/p/bieren/hapkin-blade-8l-tapvat","https://www.beerwulf.com/globalassets/hapkin---blade-keg_beer_20561_0.png?w=100&h=100","https://www.beerwulf.com/globalassets/hapkin---blade-keg_beer_20561_0.png?w=400&h=400","414","Hapkin is een Belgisch, krachtig blond bier van hoge gisting, gekenmerkt door een volle, witte schuimkraag en een droge, pittige afdronk.
De verschillende hoppen, waaronder de variëteiten Saaz en Monroe, worden tijdens het brouwproces in 4 keer toegevoegd. Dit zorgt voor een fruitige toets, die de subtiele hopbitterheid mooi aanvult.","26,85","true"
"La-Rousse-du-Mont-Blanc---SUB-Keg_Beer_22249","7106618768189","La Rousse du Mont Blanc - SUB Vat","Brasserie Du Mont Blanc","Brasserie du mont blanc","Amber & Red Ale","17.99","0.00","EUR","https://www.beerwulf.com/nl-be/p/bieren/la-rousse-du-mont-blanc-2l-tapvat","https://www.beerwulf.com/globalassets/la-rousse-du-mont-blanc---sub-keg_beer_22249_0.png?w=100&h=100","https://www.beerwulf.com/globalassets/la-rousse-du-mont-blanc---sub-keg_beer_22249_0.png?w=400&h=400","414","Deze zacht zoete amber heeft een moutige aroma. Het bier is licht zoet, en heeft een beetje hops. De nasmaak is zacht, zoetkaramel en niet intens, maar wel lang.De gluten zijn verwijderd tijdens het brouwproces - iedere batch is getest tot onder 20ppm.","26,85","true"
"St-Feuillien-Tripel---SUB-Keg_Beer_22281","7106618769216","St. Feuillien Tripel - SUB Vat","St. Feuillien","St. feuillien","Tripel Bier","16.99","0.00","EUR","https://www.beerwulf.com/nl-be/p/bieren/st.-feuillien-tripel-2l-tapvat","https://www.beerwulf.com/globalassets/st-feuillien-tripel---sub-keg_beer_22281_03.png?w=100&h=100","https://www.beerwulf.com/globalassets/st-feuillien-tripel---sub-keg_beer_22281_03.png?w=400&h=400","414","Goudkleurige Tripel met fruitige aroma’s, een licht gistkarakter, zoet met een lichte bitterheid en een kruidige afdronk.","26,85","true"
"Brixton-Defiance---SUB-Keg_Beer_22252","7106618767298","Brixton Defiance - SUB Vat","Brixton Brewery","Brixton","Pale Ale","15.99","0.00","EUR","https://www.beerwulf.com/nl-be/p/bieren/brixton-defiance-2l-tapvat","https://www.beerwulf.com/globalassets/brixton-defiance---sub-keg_beer_22252_0.png?w=100&h=100","https://www.beerwulf.com/globalassets/brixton-defiance---sub-keg_beer_22252_0.png?w=400&h=400","414","Glutenvrije Pale Ale: een verfrissende en heerlijke pale ale met een licht fruitige finish.","26,85","true"
"Birra-Moretti-LAutentica-voordeelverpakking_1","8006890029796","Birra Moretti L'Autentica voordeelverpakking","null","Beerwulf","Pack","31.99","40.56","EUR","https://www.beerwulf.com/nl-be/p/bierpakketten/birra-moretti-lautentica-voordeelverpakking","https://www.beerwulf.com/globalassets/catalog/beerwulf/beers/value-packs/birra_moretti_box.png?w=100&h=100","https://www.beerwulf.com/globalassets/catalog/beerwulf/beers/value-packs/birra_moretti_box.png?w=400&h=400","414","Nu je favoriete bier in een voordeelverpakking.
Dit licht gekleurde bier is zacht van smaak. Je proeft tonen uit de mout en de hop. Het plakt een heel klein beetje aan je tong en de afdronk is zacht en bitter.","0,00","true"
"Murphys-Irish-Stout-voordeelverpakking_1","0503576606026","Murphy's Irish Stout voordeelverpakking","null","Beerwulf","Pack","44.99","59.76","EUR","https://www.beerwulf.com/nl-be/p/bierpakketten/murphys-irish-stout-voordeelverpakking","https://www.beerwulf.com/globalassets/catalog/beerwulf/beers/value-packs/murphys_irish_stout_can_box.png?w=100&h=100","https://www.beerwulf.com/globalassets/catalog/beerwulf/beers/value-packs/murphys_irish_stout_can_box.png?w=400&h=400","414","","0,00","true"
"The-SUB-Black-Edition--4-Heineken_1","","The SUB Classic Heineken Startpakket","null","Beerwulf","Pack","129.00","195.00","EUR","https://www.beerwulf.com/nl-be/p/bierpakketten/thesubblackedition-4heineken","https://www.beerwulf.com/globalassets/the-sub-black-edition--4-heineken_1_0.png?w=100&h=100","https://www.beerwulf.com/globalassets/the-sub-black-edition--4-heineken_1_0.png?w=400&h=400","414","Dit pakket bevat :

The SUB Black Edition
4 Heineken 2L tapvaten
","0,00","true"
"Abbaye-and-Trappist-Beer-Case-V2_1","","Trappist en Abdij Bierpakket  ","null","Beerwulf","Pack","32.99","0.00","EUR","https://www.beerwulf.com/nl-be/p/bierpakketten/trappistenabdij","https://www.beerwulf.com/globalassets/abbaye-and-trappist-beer-case-v2_1_0.png?w=100&h=100","https://www.beerwulf.com/globalassets/abbaye-and-trappist-beer-case-v2_1_0.png?w=400&h=400","414","Proef klassieke bierstijlen in ons Trappist en Abdij Bierpakket, met 12 bieren die het keurmerk &lsquo;Authentic Trappist Product&rsquo; of &lsquo;Erkend Belgisch Abdijbier&rsquo; mogen dragen.","0,00","true"
"Advent-Calendar-2020_Pack_21382","","Beerwulf Bier Adventskalender","null","Beerwulf","Pack","59.99","0.00","EUR","https://www.beerwulf.com/nl-be/p/bierpakketten/beerwulf-bier-adventskalender","https://www.beerwulf.com/globalassets/advent-calendar-2020_pack_21382_0.png?w=100&h=100","https://www.beerwulf.com/globalassets/advent-calendar-2020_pack_21382_0.png?w=400&h=400","414","Laat het aftellen beginnen!
De Beerwulf Bier Adventskalender is terug, om het jaar feestelijk en in stijl af te sluiten. Tel de dagen tot kerst af met ons en open elke dag een vakje om een nieuw speciaalbier te ontdekken.
We hebben 24 heerlijke bieren geselecteerd van 24 verschillende topbrouwers. Daarnaast organiseren we de hele maand live proeverijen, prijsvragen en andere feestelijkheden, exclusief voor kalenderbezitters. Dit jaar zitten alle bieren op een vaste volgorde, dus we hebben veel leuke verrassingen in petto.
Geef ook dit jaar weer de ultieme bierervaring cadeau aan vrienden of familie, deel hem met een huisgenoot of hou hem natuurlijk lekker voor jezelf. Hoe dan ook, wij bezorgen de Adventskalender gratis waar jij wilt!
Let op: de Adventskalender wordt verzonden zoals je hem op de afbeelding ziet. Er zit geen verzenddoos om het pakket heen.","0,00","true"
"Affligem-beer-case-4-SKU_Pack_22336","","Affligem Klassiekers Bierpakket","null","Beerwulf","Pack","28.99","0.00","EUR","https://www.beerwulf.com/nl-be/p/bierpakketten/affligem-klassiekers","https://www.beerwulf.com/globalassets/affligem-beer-case-4-sku_pack_22336_02.png?w=100&h=100","https://www.beerwulf.com/globalassets/affligem-beer-case-4-sku_pack_22336_02.png?w=400&h=400","414","Proef de kwaliteit en rijke smaak van bijna 1000 jaar brouwtraditie in het Affligem Klassiekers Bierpakket. In dit pakket zitten 4 flessen Affligem Blond, Dubbel, Tripel en Patersvat. In totaal dus 16 heerlijke, klassieke Belgische bieren. ","0,00","true"
"VandeStreek-Playground-IPA-AF-Value-Case_1","","VandeStreek Playground IPA AF Voordeelverpakking","null","Beerwulf","Pack","51.99","0.00","EUR","https://www.beerwulf.com/nl-be/p/bierpakketten/vandestreek-playground-ipa-af-value-case","https://www.beerwulf.com/globalassets/vandestreek-playground-ipa-af-value-case_1_02.png?w=100&h=100","https://www.beerwulf.com/globalassets/vandestreek-playground-ipa-af-value-case_1_02.png?w=400&h=400","414","Prima schuimkraag. Licht oranje van kleur. De geur is eerst nog wat moutig maar later komen de hopgeuren naar boven. Het bier heeft een soepele dronk en gebalanceerde smaak. Een zeer geslaagd non-alcholisch experiment.Ingredi&euml;nten: water, gerstemout, hop","0,00","true"
"THE-SUB-Compact-Grey-EU-2L_1","3045380015944","The SUB Compact Grijs","null","Beerwulf","Biertaps","89.00","129.00","EUR","https://www.beerwulf.com/nl-be/p/biertaps/the-sub-compact-grey-eu--2l-0db55c30","https://www.beerwulf.com/globalassets/the-sub-compact-grey-eu-2l_1_03.png?w=100&h=100","https://www.beerwulf.com/globalassets/the-sub-compact-grey-eu-2l_1_03.png?w=400&h=400","414","De compacte maat en stijlvolle kleur van The SUB Compact Grijs past in elke huiskamer en biedt ruimte voor al je favoriete bieren in SUB Vaten van 2 liter. De matgrijze afwerking van dit prachtige kleine apparaatje past perfect in elke omgeving, in je keuken, woonkamer of thuisbar.","26,85","true"
"Affligem-Blond.3_1","5411098731113","Affligem Blond","Affligem Brouwerij","Affligem","Blond Bier","1.52","0.00","EUR","https://www.beerwulf.com/nl-be/p/bieren/affligem-blond.3","https://www.beerwulf.com/globalassets/affligem-blond.3_1_02.png?w=100&h=100","https://www.beerwulf.com/globalassets/affligem-blond.3_1_02.png?w=400&h=400","414","Goudblond abdijbier met een fijne witte schuimkraag. Verfrissend en vol fruit, citrus fruit en tropisch fruit. Aangenaam bitter in de nasmaak.","26,85","true"
"Brasserie-Lefebvre-Hopus.33_1","5411676700005","Brasserie Lefebvre Hopus","Brasserie Lefebvre","Brasserie lefebvre","Blond Bier","2.17","0.00","EUR","https://www.beerwulf.com/nl-be/p/bieren/brasserie-lefebvre-hopus.33","https://www.beerwulf.com/globalassets/brasserie-lefebvre-hopus.33_1_1.png?w=100&h=100","https://www.beerwulf.com/globalassets/brasserie-lefebvre-hopus.33_1_1.png?w=400&h=400","414","Goudblond bier met een zeer royale witte schuimkraag. Gebrouwen met vijf verschillende hopsoorten. Veel citrusfruit, zoete mouttonen en een aangenaam bittere afdronk.","26,85","true"
"Brouwerij-t-IJ-Natte-Dubbel.33_1","8717545260029","Brouwerij 't IJ Natte Dubbel","Brouwerij 't IJ","Brouwerij 't ij","Dubbel Bier","2.65","0.00","EUR","https://www.beerwulf.com/nl-be/p/bieren/brouwerij-t-ij-natte-dubbel.33","https://www.beerwulf.com/globalassets/brouwerij-t-ij-natte-dubbel.33_1_1.png?w=100&h=100","https://www.beerwulf.com/globalassets/brouwerij-t-ij-natte-dubbel.33_1_1.png?w=400&h=400","414","Bruin, roodbruin biologisch bier met een fijne lichtgekleurde schuimkraag. Aroma’s zitten vol met karamel, toffee, gebrande mout. Dit op één na oudste bier van Brouwerij ’t IJ heeft een zoete toffee-achtige nasmaak.","26,85","true"
"Brugge-Tripel.33_1","0000054112018","Brugge Tripel","Brouwerij De Gouden Boom","Brugge","Tripel Bier","2.49","0.00","EUR","https://www.beerwulf.com/nl-be/p/bieren/brugge-tripel.33","https://www.beerwulf.com/globalassets/brugge-tripel.33_1_1.png?w=100&h=100","https://www.beerwulf.com/globalassets/brugge-tripel.33_1_1.png?w=400&h=400","414","Het historisch stadsbier van Brugge, gebrouwen met gruut, een speciaal kruidenmengsel. Goudblonde bier met witte kraag is fruitig, zoet, bitter en heeft warmend karakter door de alcohol.","26,85","true"
"Brewdog-Punk-IPA.33_1","5060154910018","Brewdog Punk IPA","BrewDog","Brewdog","IPA","2.79","0.00","EUR","https://www.beerwulf.com/nl-be/p/bieren/brewdog-punk-ipa.33","https://www.beerwulf.com/globalassets/brewdog-punk-ipa.33_1_2.png?w=100&h=100","https://www.beerwulf.com/globalassets/brewdog-punk-ipa.33_1_2.png?w=400&h=400","414","Dit warme goudkleurige bier heeft een elegante, fijne witte schuimkraag. Het tropisch fruit knalt je glas uit. Mango, ananas, grapefruit, lychee en nog veel meer. In de afdronk toont deze India Pale Ale zijn bittere spierballen.","26,85","true"
"De-Molen-Hel--Verdoemenis.33_1","8717624421266","De Molen Hel & Verdoemenis","Brouwerij De Molen","De molen","Stout & Porter","4.99","0.00","EUR","https://www.beerwulf.com/nl-be/p/bieren/de-molen-hel--verdoemenis.33","https://www.beerwulf.com/globalassets/de-molen-hel--verdoemenis.33_1_1.png?w=100&h=100","https://www.beerwulf.com/globalassets/de-molen-hel--verdoemenis.33_1_1.png?w=400&h=400","414","Zwartkleurig bier met een donkerbruine schuimkraag. Aroma’s zitten vol koffie, chocolade, gebrande bitterheid, roast. Chocolade, koffie en bitterheid in de nasmaak die lang nagalmt.","26,85","true"
"Bacchus-Framboos.38_1","5411081004316","Bacchus Framboos","Brouwerij Van Honsebrouck","Bacchus","Fruitbier","3.49","0.00","EUR","https://www.beerwulf.com/nl-be/p/bieren/bacchus-framboos.38","https://www.beerwulf.com/globalassets/bacchus-framboos.38_1_0.png?w=100&h=100","https://www.beerwulf.com/globalassets/bacchus-framboos.38_1_0.png?w=400&h=400","414","Roodbruin bier met een lichtgekleurde schuimkraag. De neus barst haast door de overvloed aan sappige aroma’s van frambozen en rood fruit. Dit bier van gemengde gisting heeft gerijpt op houten vaten en heeft een lange intense friszure fruitige afdronk.","26,85","true"
"Boon-Kriek.38_1","5412783053022","Boon Kriek","Brouwerij Boon","Boon","Fruitbier","3.39","0.00","EUR","https://www.beerwulf.com/nl-be/p/bieren/boon-kriek.38","https://www.beerwulf.com/globalassets/boon-kriek.38_1_1.png?w=100&h=100","https://www.beerwulf.com/globalassets/boon-kriek.38_1_1.png?w=400&h=400","414","Rood met een bescheiden, snel inzakkende schuimkraag. De kersenaroma’s stuiven het glas. Friszure en zoete aroma’s wisselen stuivertje. Zeer fruitige afdronk.","26,85","true"
"Duchesse-De-Bourgogne.25_1","5411364151119","Duchesse De Bourgogne","Brouwerij Verhaeghe","Verhaeghe","Sour Bier","2.29","0.00","EUR","https://www.beerwulf.com/nl-be/p/bieren/duchesse-de-bourgogne.25","https://www.beerwulf.com/globalassets/duchesse-de-bourgogne.25_1_1.png?w=100&h=100","https://www.beerwulf.com/globalassets/duchesse-de-bourgogne.25_1_1.png?w=400&h=400","414","Bruinkleurig met een medium schuimkraag. Dit zure bier van hoge gisting heeft gerijpt op eiken vaten. Zeer fris en fruitig en met een lange frisse nasmaak.","26,85","true"
"Ciney-Bruin.25_1","0000054055315","Ciney Bruin","Ciney","Ciney","Dubbel Bier","2.60","0.00","EUR","https://www.beerwulf.com/nl-be/p/bieren/ciney-bruin.25","https://www.beerwulf.com/globalassets/ciney-bruin2.25_1_0?w=100&h=100","https://www.beerwulf.com/globalassets/ciney-bruin2.25_1_0?w=400&h=400","414","Roodbruin bier met licht gekleurde schuimkraag. Aroma’s zitten vol karamel en toast. Naast deze volle zoetheid heeft deze Dubbel een lichtzure, verfrissende ondertoon.","26,85","true"
"Bintang.33_1","8997206580011","Bintang","Bintang","Bintang","Lager Bier","2.19","0.00","EUR","https://www.beerwulf.com/nl-be/p/bieren/bintang.33","https://www.beerwulf.com/globalassets/bintang.33_1_1.png?w=100&h=100","https://www.beerwulf.com/globalassets/bintang.33_1_1.png?w=400&h=400","414","Goudblond bier met een oranje schijn. Mooie witte schuimkraag. Aroma’s van overwegend mout. Zoete verfrissende afdronk.","26,85","true"
"Blanche-De-Namur.25_1","5411633250055","Blanche De Namur","Brasserie Du Bocq","Blanche","Witbier","2.19","0.00","EUR","https://www.beerwulf.com/nl-be/p/bieren/blanche-de-namur.25","https://www.beerwulf.com/globalassets/blanche-de-namur.25_1_1.png?w=100&h=100","https://www.beerwulf.com/globalassets/blanche-de-namur.25_1_1.png?w=400&h=400","414","Lichttroebel, bleekgeel bier met een prachtige witte schuimmousse. De aroma’s zijn fruitig en bloemig. Koriander en sinaasappelschil zijn mede bepalend voor het frisse karakter van deze dorstlesser.","26,85","true"
"Chimay-Wit.33_1","5410908000029","Chimay Wit","Chimay Brouwerij","Chimay","Tripel Bier","2.59","0.00","EUR","https://www.beerwulf.com/nl-be/p/bieren/chimay-wit.33","https://www.beerwulf.com/globalassets/chimay-wit.33_1_1.png?w=100&h=100","https://www.beerwulf.com/globalassets/chimay-wit.33_1_1.png?w=400&h=400","414","Goudgele Trappist met een lichte nevel en een prachtige volle, witte schuimkraag. De geur en de smaak zitten vol fruit, waaronder veel druiven en gist. Een ronde bitterheid galmt na tijdens de finish.","26,85","true"
"Gouden-Carolus-Tripel.33_1","5425006240024","Gouden Carolus Tripel","Brouwerij Het Anker","Gouden carolus","Tripel Bier","2.69","0.00","EUR","https://www.beerwulf.com/nl-be/p/bieren/gouden-carolus-tripel.33","https://www.beerwulf.com/globalassets/gouden-carolus-tripel.33_1_0.png?w=100&h=100","https://www.beerwulf.com/globalassets/gouden-carolus-tripel.33_1_0.png?w=400&h=400","414","Goudkleurig helder bier met een zeer royale, standvastige schuimkraag. Aroma’s van fruit, mout, kruiden en gist. Dit zeer complexe bier heeft prestigieuze onderscheidingen behaald, waaronder goud tijdens de European Beer Star.","26,85","true"
"Oedipus-Thai-Thai.33_1","8717953167354","Oedipus Thai Thai","Brouwerij Oedipus","Oedipus","Tripel Bier","2.99","0.00","EUR","https://www.beerwulf.com/nl-be/p/bieren/oedipus-thai-thai.33","https://www.beerwulf.com/globalassets/oedipus-thai-thai.33_1_1.png?w=100&h=100","https://www.beerwulf.com/globalassets/oedipus-thai-thai.33_1_1.png?w=400&h=400","414","Licht goudgeel, mistig bier met een zeer royale witte schuimkraag. Een zeer spannende neus voor een Tripel met citroengras en koriander. De smaak is door het gebruik van extra ingrediënten afwijkend van een normale Tripel. Deze is fris, kruidig en in de nasmaak hot en spicy.","26,85","true"
"Grimbergen-Dubbel.33_1","5410263010664","Grimbergen Dubbel","Brouwerij Alken-Maes","Grimbergen","Dubbel Bier","2.69","0.00","EUR","https://www.beerwulf.com/nl-be/p/bieren/grimbergen-dubbel.33","https://www.beerwulf.com/globalassets/grimbergen-dubbel.33_1_1.png?w=100&h=100","https://www.beerwulf.com/globalassets/grimbergen-dubbel.33_1_1.png?w=400&h=400","414","Roodbruin abdijbier vol zoete tonen van toast en vooral karamel. Het complexe karakter kan worden samengevat in zoet en bitter.","26,85","true"
"Texels-Wit.3_1","8717903630006","Texels Skiller Wit","Texelse Bierbrouwerij","Texels","Witbier","2.49","0.00","EUR","https://www.beerwulf.com/nl-be/p/bieren/texels-wit.3","https://www.beerwulf.com/globalassets/texels-wit.3_1_3.png?w=100&h=100","https://www.beerwulf.com/globalassets/texels-wit.3_1_3.png?w=400&h=400","414","Goudkleurig bier, mistig, met een goede witte schuimkraag. Verfrissend fruitig met een fruitige gistsmaak. Koud gedronken een echte dorstlesser.","26,85","true"
"Two-Chefs-Brewing-Tropical-Ralphie.33_1","8717953213655","Two Chefs Brewing Tropical Ralphie","Two Chefs Brewing","Two chefs brewing","Weizenbier","2.79","0.00","EUR","https://www.beerwulf.com/nl-be/p/bieren/two-chefs-brewing-tropical-ralphie.33","https://www.beerwulf.com/globalassets/two-chefs-brewing-tropical-ralphie.33_1_1.png?w=100&h=100","https://www.beerwulf.com/globalassets/two-chefs-brewing-tropical-ralphie.33_1_1.png?w=400&h=400","414","Verfrissende Weizen met veel hopinvloed. Fruitige aroma’s van citrus en tropisch fruit. Doordrinkbare Weizen met een eigen twist van de brouwers.","26,85","true"
"Lowlander-IPA.33_1","8717953278302","Lowlander IPA","Lowlander","Lowlander","IPA","3.19","0.00","EUR","https://www.beerwulf.com/nl-be/p/bieren/lowlander-ipa.33","https://www.beerwulf.com/globalassets/lowlander-ipa.33_1_1.png?w=100&h=100","https://www.beerwulf.com/globalassets/lowlander-ipa.33_1_1.png?w=400&h=400","414","De Lowlander IPA overtuigd met een aangename bitterheid die gepaard gaat met hinten van koriander zaden. Het bier wordt gebrouwen met 'botanicals' die het bier een mooi rond en verfrissend karakter geven.","26,85","true"
"Oedipus-Gaia-IPA.33_1","8717953167347","Oedipus Gaia IPA","Brouwerij Oedipus","Oedipus","IPA","3.09","0.00","EUR","https://www.beerwulf.com/nl-be/p/bieren/oedipus-gaia-ipa.33","https://www.beerwulf.com/globalassets/oedipus-gaia-ipa.33_1_1.png?w=100&h=100","https://www.beerwulf.com/globalassets/oedipus-gaia-ipa.33_1_1.png?w=400&h=400","414","Oranje tot amberkleurig bier met volle ietwat gekleurde schuimkraag. Aroma’s zitten vol met tropische fruit, beetje citrus en naaldbomen. De afdronk is fruitig en stevig bitter.","26,85","true"
"Oedipus-Panty.33_1","8717953167330","Oedipus Panty","Brouwerij Oedipus","Oedipus","Stout & Porter","3.09","0.00","EUR","https://www.beerwulf.com/nl-be/p/bieren/oedipus-panty.33","https://www.beerwulf.com/globalassets/oedipus-panty.33_1_2.png?w=100&h=100","https://www.beerwulf.com/globalassets/oedipus-panty.33_1_2.png?w=400&h=400","414","Donkerbruin tot zwartkleurig bier met een bruin tot crèmekleurige medium schuimkraag. Vol aroma’s van chocolade en koffie. De gebrande bitterheid geeft een lange finish.","26,85","true"
"Lagunitas-A-Little-Sumpin-Sumpin.36_1","0723830000216","Lagunitas A Little Sumpin' Sumpin'","Lagunitas Brewing Company","Lagunitas","IPA","2.99","0.00","EUR","https://www.beerwulf.com/nl-be/p/bieren/lagunitas-a-little-sumpin-sumpin.36","https://www.beerwulf.com/globalassets/lagunitas-a-little-sumpin-sumpin.36_1_1.png?w=100&h=100","https://www.beerwulf.com/globalassets/lagunitas-a-little-sumpin-sumpin.36_1_1.png?w=400&h=400","414","Deze Pale Ale is een makkelijk doordrinkbaar, goud geel bier met een smaak die lekker lang blijf hangen. De denachtige, grassige en kruidige hoptonen zijn een fijne aanvulling op de zoete tonen van de mout. Een bijzonder voorbeeld van de zogenaamde ""Westcoast Pale Ale'.","26,85","true"
"Meantime-Pale-Ale.33_1","5060013162671","Meantime India Pale Ale","Meantime Brewing","Meantime","IPA","2.62","0.00","EUR","https://www.beerwulf.com/nl-be/p/bieren/meantime-india-pale-ale.33","https://www.beerwulf.com/globalassets/meantime-pale-ale.33_1_1.png?w=100&h=100","https://www.beerwulf.com/globalassets/meantime-pale-ale.33_1_1.png?w=400&h=400","414","Moutige aroma’s, citrusfruit en karamel geven deze India Pale Ale karakter. Het oranjekleurige bier is zoet, fruitig en heeft een lange bittere nasmaak.","26,85","true"
"Oedipus-Mannenliefde.33_1","8717953167316","Oedipus Mannenliefde","Brouwerij Oedipus","Oedipus","Saison Bier","2.99","0.00","EUR","https://www.beerwulf.com/nl-be/p/bieren/oedipus-mannenliefde.33","https://www.beerwulf.com/globalassets/oedipus-mannenliefde.33_1_1.png?w=100&h=100","https://www.beerwulf.com/globalassets/oedipus-mannenliefde.33_1_1.png?w=400&h=400","414","Goudgeel bier met witte schuimkraag en opvallend geurenpallet. Spicy, kruidig en vooral veel citrusfruit. De smaak en de nasmaak zijn zeer verfrissend.","26,85","true"
"Erdinger-Hefeweizen.33_1","4002103000105","Erdinger Hefeweizen","Erdinger","Erdinger","Weizenbier","2.09","0.00","EUR","https://www.beerwulf.com/nl-be/p/bieren/erdinger-hefeweizen.33","https://www.beerwulf.com/globalassets/erdinger-hefeweizen.33_1_1.png?w=100&h=100","https://www.beerwulf.com/globalassets/erdinger-hefeweizen.33_1_1.png?w=400&h=400","414","Goudgeel, mistig met een kenmerkende volle witte schuimkraag. De evenzo kenmerkende kruidnagel en rijpe banaan zijn duidelijk waarneembaar. De nasmaak van deze dorstlesser is fruitig zoet.","26,85","true"
"Lindeboom-Gouverneur-Dubbel.3_1","0000087274257","Lindeboom Gouverneur Dubbel","Lindeboom Bierbrouwerij","Lindeboom","Dubbel Bier","2.59","0.00","EUR","https://www.beerwulf.com/nl-be/p/bieren/lindeboom-gouverneur-dubbel.3","https://www.beerwulf.com/globalassets/lindeboom-gouverneur-dubbel.3_1_1.png?w=100&h=100","https://www.beerwulf.com/globalassets/lindeboom-gouverneur-dubbel.3_1_1.png?w=400&h=400","414","Een heerlijk smaalvolle dubbel, met zoete tonen en een zacht mout bitter. Geroosterde en zoete moutsmaken voren de boventoon.","26,85","true"
"Brouwerij-Noordt-Noordtsingel.33_1","8719324375023","Brouwerij Noordt Noordtsingle","Brouwerij Noordt","Brouwerij noordt","Lager Bier","2.99","0.00","EUR","https://www.beerwulf.com/nl-be/p/bieren/brouwerij-noordt-noordtsingle.33","https://www.beerwulf.com/globalassets/brouwerij-noordt-noordtsingel.33_1_1.png?w=100&h=100","https://www.beerwulf.com/globalassets/brouwerij-noordt-noordtsingel.33_1_1.png?w=400&h=400","414","Licht fris, Amerikaans Tarwebier met single Cascade hop. Tonen van limoenschil","26,85","true"
"Brand-Winter-BockBottle.3_11092","0000087232271","Brand Winterbock","Brand Bierbrouwerij","Brand","Amber & Red Ale","1.99","0.00","EUR","https://www.beerwulf.com/nl-be/p/bieren/brand-sylvester.3","https://www.beerwulf.com/globalassets/brand-sylvester.3_1_1.png?w=100&h=100","https://www.beerwulf.com/globalassets/brand-sylvester.3_1_1.png?w=400&h=400","414","Een robijn rood winterbier. Veel aroma's en een volle smaak van onder andere kruidnagel en beetje kaneel. Toch blijft de smaak soepel. Met recht een kruidig winterbier.","26,85","true"
"Budels-Bio-Pilsener.3_1","8712003001237","Budels Bio Pilsener","Budelse Brouwerij","Budels","Pilsner & Hoppy Lager","1.88","0.00","EUR","https://www.beerwulf.com/nl-be/p/bieren/budels-bio-pilsener.3","https://www.beerwulf.com/globalassets/budels-bio-pilsener.3_1_1.png?w=100&h=100","https://www.beerwulf.com/globalassets/budels-bio-pilsener.3_1_1.png?w=400&h=400","414","Lichtgeel, helder, gemiddelde schuimkraag. Zoete aroma’s van graan en hooi. Nasmaak is licht, zoet en granig.","26,85","true"
"Brouwerij-Noordt-New-England-IPA.33_1","8719324375115","Brouwerij Noordt New England IPA","Brouwerij Noordt","Brouwerij noordt","IPA","2.87","0.00","EUR","https://www.beerwulf.com/nl-be/p/bieren/brouwerij-noordt-new-england-ipa.33","https://www.beerwulf.com/globalassets/brouwerij-noordt-new-england-ipa.33_1_1.png?w=100&h=100","https://www.beerwulf.com/globalassets/brouwerij-noordt-new-england-ipa.33_1_1.png?w=400&h=400","414","Licht gele, troebele New England IPA met aroma's van citrus en tropisch fruit. Het lage alcohol percentage maakt het een goede dorstlesser. Zoals brouwer Peter Rouwen het wil: weinig alcohol, veel smaak.","26,85","true"
"Lowlander-American-Pale-Ale.33_1","8717953278333","Lowlander American Pale Ale","Lowlander","Lowlander","Pale Ale","3.49","0.00","EUR","https://www.beerwulf.com/nl-be/p/bieren/lowlander-american-pale-ale.33","https://www.beerwulf.com/globalassets/lowlander-american-pale-ale.33_1_1.png?w=100&h=100","https://www.beerwulf.com/globalassets/lowlander-american-pale-ale.33_1_1.png?w=400&h=400","414","Een Pale Ale met een knipoog naar de Amerikaanse bieren. Het heeft een karakteristieke frisse citrus smaak, in balans gebracht door de mout en daardoor lekker doordrinkbaar.","26,85","true"
"Brunehaut-ambree-bio.33_1","5411065200888","Brunehaut ambrée bio","Brasserie de Brunehaut","Brunehaut","Amber & Red Ale","2.79","0.00","EUR","https://www.beerwulf.com/nl-be/p/bieren/brunehaut-ambree-bio.33","https://www.beerwulf.com/globalassets/brunehaut-ambree-bio.33_1_1.png?w=100&h=100","https://www.beerwulf.com/globalassets/brunehaut-ambree-bio.33_1_1.png?w=400&h=400","414","Koperkleurig bier met een medium fijne schuimkraag. Biologisch en glutenvrij vol met moutige aroma’s. Tonen van karamel, brood en specerijen.","26,85","true"
"Brussels-Beer-Project-Delta-Ipa.33_1","5411283000017","Brussels Beer Project Delta Ipa","Brussels Beer Project","Brussels beer project","IPA","2.85","0.00","EUR","https://www.beerwulf.com/nl-be/p/bieren/brussels-beer-project-delta-ipa.33","https://www.beerwulf.com/globalassets/brussels-beer-project-delta-ipa.33_1_1.png?w=100&h=100","https://www.beerwulf.com/globalassets/brussels-beer-project-delta-ipa.33_1_1.png?w=400&h=400","414","Verfrissende India Pale Ale boordevol tropisch fruit zoals mango, perzik en lychee. Eindigt met een ronde bitterheid.","26,85","true"
"Ename-Blond.33_1","5412583240837","Ename Blond","Brouwerij Roman","Ename","Blond Bier","2.49","0.00","EUR","https://www.beerwulf.com/nl-be/p/bieren/ename-blond.33","https://www.beerwulf.com/globalassets/ename-blond.33_1_1.png?w=100&h=100","https://www.beerwulf.com/globalassets/ename-blond.33_1_1.png?w=400&h=400","414","Goudkleurig met grote witte schuimkraag. Soepele zoete smaak met weinig bitterheid. Bier voor vele momenten.","26,85","true"
"Gruut-Blond.33_1","5425038650020","Gruut Blond","Gentse Gruut Stadsbrouwerij","Gruut","Blond Bier","2.69","0.00","EUR","https://www.beerwulf.com/nl-be/p/bieren/gruut-blond.33","https://www.beerwulf.com/globalassets/gruut-blond.33_1_1.png?w=100&h=100","https://www.beerwulf.com/globalassets/gruut-blond.33_1_1.png?w=400&h=400","414","Deze Blond is gebrouwen met een geheime melange van kruiden en specerijen in plaats van hop. Het resultaat is een zoet moutig bier met aroma’s van geel fruit en tropisch fruit. Kruidige tonen en een bittere afdronk met wat licht citrusfruit.","26,85","true"
"Jessenhofke-BRWN.33_1","5425026090012","Jessenhofke BRWN","Jessenhofke","Jessenhofke","Brown Ale","2.51","0.00","EUR","https://www.beerwulf.com/nl-be/p/bieren/jessenhofke-brwn.33","https://www.beerwulf.com/globalassets/jessenhofke-brwn.33_1_1.png?w=100&h=100","https://www.beerwulf.com/globalassets/jessenhofke-brwn.33_1_1.png?w=400&h=400","414","Donkerbruin bier met crèmekleurige schuimkraag vol met aroma’s van karamel en gebrande mout. Smaak is zoet en moutig met onder andere karamel, chocolade en gedroogd fruit.","26,85","true"
"Jessenhofke-PMPRNL.33_1","5425026090357","Jessenhofke PMPRNL","Jessenhofke","Jessenhofke","Tripel Bier","2.79","0.00","EUR","https://www.beerwulf.com/nl-be/p/bieren/jessenhofke-pmprnl.33","https://www.beerwulf.com/globalassets/jessenhofke-pmprnl.33_1_1.png?w=100&h=100","https://www.beerwulf.com/globalassets/jessenhofke-pmprnl.33_1_1.png?w=400&h=400","414","Dit gekruide bier is een sensueel bier bedoeld om te behagen. De brouwer heeft een hele lijst met kruiden en specerijen gebruikt, zo ook biologische mout en hop. PMPRNL is een apart bier met een duidelijk toets van knoflook en tijm.","26,85","true"
"Moinette-Blond.33_1","5410702000133","Moinette Blond","Brouwerij Dupont","Moinette","Blond Bier","1.94","0.00","EUR","https://www.beerwulf.com/nl-be/p/bieren/moinette-blond.33","https://www.beerwulf.com/globalassets/moinette-blond.33_1_1.png?w=100&h=100","https://www.beerwulf.com/globalassets/moinette-blond.33_1_1.png?w=400&h=400","414","Goudkleurig met een stevige witte schuimkraag. Dit is een pittig bier, zoet en bitter. Tonen van honing en gist. Een krachtige, pittige blond met karakter.","26,85","true"
"Petrus-Blond.33_1","0875213000044","Petrus Blond","Brouwerij De Brabandere","Petrus","Blond Bier","2.29","0.00","EUR","https://www.beerwulf.com/nl-be/p/bieren/petrus-blond.33","https://www.beerwulf.com/globalassets/petrus-blond.33_1_1.png?w=100&h=100","https://www.beerwulf.com/globalassets/petrus-blond.33_1_1.png?w=400&h=400","414","Belgische Blond met een kenmerkende fruitige zoetheid met een karaktervolle bitterheid.","26,85","true"
"Postel-Dubbel.33_1","5411098700003","Postel Dubbel","Affligem Brouwerij","Postel","Dubbel Bier","2.59","0.00","EUR","https://www.beerwulf.com/nl-be/p/bieren/postel-dubbel.33","https://www.beerwulf.com/globalassets/postel-dubbel.33_1_1.png?w=100&h=100","https://www.beerwulf.com/globalassets/postel-dubbel.33_1_1.png?w=400&h=400","414","Klassieke Belgische stijl Dubbel, stevig, zoet vol rozijntjes, karamel, bruine suiker en gedroogd fruit. Rood/bruin, helder met een stevige beide schuimkraag. Lange zoete nasmaak.","26,85","true"
"Roman-Rebelse-Strop.33_1","5412583204723","Roman Rebelse Strop","Brouwerij Roman","Roman","Blond Bier","2.60","0.00","EUR","https://www.beerwulf.com/nl-be/p/bieren/roman-rebelse-strop.33","https://www.beerwulf.com/globalassets/roman-rebelse-strop.33_1_1.png?w=100&h=100","https://www.beerwulf.com/globalassets/roman-rebelse-strop.33_1_1.png?w=400&h=400","414","Rebelse Strop is een eigenzinnig bier met Brettanomyces. Hierdoor ontwikkelt zich het bier in de fles. Fruitig, een subtiele hopbitterheid en een fris zuurtje zijn de belangrijkste kenmerken.","26,85","true"
"Saison-De-Silly.33_1","5413023001346","Saison De Silly","Brasserie de Silly","Silly","Saison Bier","2.09","0.00","EUR","https://www.beerwulf.com/nl-be/p/bieren/saison-de-silly.33","https://www.beerwulf.com/globalassets/saison-de-silly.33_1_1.png?w=100&h=100","https://www.beerwulf.com/globalassets/saison-de-silly.33_1_1.png?w=400&h=400","414","Amberkleurige Saison met een zoet en moutig karakter met veel karamel-aroma’s en wat zoet en gedroogd fruit. Ondertoon is friszuur, maar de zoetheid overheerst.","26,85","true"
"St-Feuillien-Grand-Cru.33_1","5412138653310","St. Feuillien Grand Cru","St. Feuillien","St. feuillien","Blond Bier","2.59","0.00","EUR","https://www.beerwulf.com/nl-be/p/bieren/st.-feuillien-grand-cru.33","https://www.beerwulf.com/globalassets/st-feuillien-grand-cru.33_1_1.png?w=100&h=100","https://www.beerwulf.com/globalassets/st-feuillien-grand-cru.33_1_1.png?w=400&h=400","414","Krachtig maar zeer elegant met een fruitige toets. Dit goudkleurige bier heeft een stevige body en een romige witte schuimkraag. Zacht zoet en fruitig, alcoholisch en een lichte bitterheid maken dit een rijk en complex bier.","26,85","true"
"St-Feuillien-Tripel.33_1","5412138403311","St. Feuillien Tripel","St. Feuillien","St. feuillien","Tripel Bier","2.59","0.00","EUR","https://www.beerwulf.com/nl-be/p/bieren/st.-feuillien-tripel.33","https://www.beerwulf.com/globalassets/st-feuillien-tripel.33_1_1.png?w=100&h=100","https://www.beerwulf.com/globalassets/st-feuillien-tripel.33_1_1.png?w=400&h=400","414","Goudkleurige Tripel met fruitige aroma’s, een licht gistkarakter, zoet met een lichte bitterheid en een kruidige afdronk.","26,85","true"
"Ter-Dolen-Blond.33_1","5414239000093","Ter Dolen Blond","Ter Dolen","Ter dolen","Blond Bier","2.49","0.00","EUR","https://www.beerwulf.com/nl-be/p/bieren/ter-dolen-blond.33","https://www.beerwulf.com/globalassets/ter-dolen-blond.33_1_1.png?w=100&h=100","https://www.beerwulf.com/globalassets/ter-dolen-blond.33_1_1.png?w=400&h=400","414","Dorstlessende blond met een verfijnde hopbitterheid. Zoet tonen bij de start worden langzaam overgenomen door kruidige bittertonen.","26,85","true"
"Troubadour-Obscura.33_1","5425006700054","Troubadour Obscura","Brouwerij The Musketeers","Troubadour","Brown Ale","2.79","0.00","EUR","https://www.beerwulf.com/nl-be/p/bieren/troubadour-obscura.33","https://www.beerwulf.com/globalassets/troubadour-obscura.33_1_2.png?w=100&h=100","https://www.beerwulf.com/globalassets/troubadour-obscura.33_1_2.png?w=400&h=400","414","Roodbruin Stevige beige schuimkraag. Zacht en zoet bier met aroma’s van gebrande suiker, caramel, chocolade en  mout. Zoete afdronk.","26,85","true"
"Vedett-Extra-Blond.33_1","5411681090009","Vedett Extra Blond","Brouwerij Duvel Moortgat","Vedett","Blond Bier","2.25","0.00","EUR","https://www.beerwulf.com/nl-be/p/bieren/vedett-extra-blond.33","https://www.beerwulf.com/globalassets/vedett-extra-blond.33_1_1.png?w=100&h=100","https://www.beerwulf.com/globalassets/vedett-extra-blond.33_1_1.png?w=400&h=400","414","Lichtgeel, helder met flinke witte schuimkraag. Frisse aroma’s van citrusfruit. Smaak is fris, citroen en limoen. Een fris zuurtje en een lichte bitterheid bepalen de nasmaak.","26,85","true"
"Vedett-Extra-Ordinary-IPA.33_1","5411681401775","Vedett Extra Ordinary IPA","Brouwerij Duvel Moortgat","Vedett","IPA","2.35","0.00","EUR","https://www.beerwulf.com/nl-be/p/bieren/vedett-extra-ordinary-ipa.33","https://www.beerwulf.com/globalassets/vedett-extra-ordinary-ipa.33_1_1.png?w=100&h=100","https://www.beerwulf.com/globalassets/vedett-extra-ordinary-ipa.33_1_1.png?w=400&h=400","414","Donkergoud, oranje, mistig, grote witte schuimkraag. Aroma’s worden beheerst door fruit. Zowel fris citrusfruit als zoet tropisch fruit. Daarnaast een zoete toon met wat karamel. De bitterheid geeft balans.","26,85","true"
"Affligem-Dubbel.3_1","5411098730307","Affligem Dubbel","Affligem Brouwerij","Affligem","Dubbel Bier","1.42","0.00","EUR","https://www.beerwulf.com/nl-be/p/bieren/affligem-dubbel.3","https://www.beerwulf.com/globalassets/affligem-dubbel.3_1_0.png?w=100&h=100","https://www.beerwulf.com/globalassets/affligem-dubbel.3_1_0.png?w=400&h=400","414","Roodbruin abdijbier, helder, met een crèmekleurige schuimkraag. Aroma’s van toast, gebrande mout, karamel geven volle ronde smaken. De kruidigheid geeft nog meer diepte.","26,85","true"
"Bornem-Dubbel.33_1","5411663002174","Bornem Dubbel","Brouwerij Van Steenberge","Bornem","Dubbel Bier","2.29","0.00","EUR","https://www.beerwulf.com/nl-be/p/bieren/bornem-dubbel.33","https://www.beerwulf.com/globalassets/bornem-dubbel.33_1_0.png?w=100&h=100","https://www.beerwulf.com/globalassets/bornem-dubbel.33_1_0.png?w=400&h=400","414","Roodbruin met een dikke romige, licht gekleurde schuimkraag. Zoete moutige aroma’s vol karamel en toast en een opvallende fruitigheid, die de zoetheid breekt.","26,85","true"
"Petrus-Rood-Bruin.33_1","0875213000068","Petrus Rood Bruin","Brouwerij De Brabandere","Petrus","Sour Bier","2.29","0.00","EUR","https://www.beerwulf.com/nl-be/p/bieren/petrus-rood-bruin.33","https://www.beerwulf.com/globalassets/petrus-rood-bruin.33_1_1.png?w=100&h=100","https://www.beerwulf.com/globalassets/petrus-rood-bruin.33_1_1.png?w=400&h=400","414","Een bruin donker bier met flinke schuimkraag.  Aroma's van fruit en vijgen. Fruitige accenten van perzik. Een bier met een licht zure -maar tegelijkertijd gebalanceerde- smaak.","26,85","true"
"La-Trappe-Blond33_1","8711406995075","La Trappe Blond","Bierbrouwerij De Koningshoeven","La trappe","Blond Bier","2.49","0.00","EUR","https://www.beerwulf.com/nl-be/p/bieren/la-trappe-blond33","https://www.beerwulf.com/globalassets/la_trappe_trappist_blond.png?w=100&h=100","https://www.beerwulf.com/globalassets/la_trappe_trappist_blond.png?w=400&h=400","414","Goudkleurig met een witte schuimkraag. Volle zoet smaakt overheerst en het zachte bitterheid geeft balans.","26,85","true"
"Bronckhorster-Brok-in-de-Keel33_1","8716685090190","Bronckhorster Brok in de Keel","Bronckhorster Brewing Company","Bronckhorster","Brown Ale","3.59","0.00","EUR","https://www.beerwulf.com/nl-be/p/bieren/bronckhorster-brok-in-de-keel33","https://www.beerwulf.com/globalassets/bronckhorster-brok-in-de-keel33_1_1.png?w=100&h=100","https://www.beerwulf.com/globalassets/bronckhorster-brok-in-de-keel33_1_1.png?w=400&h=400","414","Krachtig donker bier met aroma's van gedroogd fruit, rozijnen, geroosterde mout en karamel. Hartverwarmend bier voor koudere dagen.","26,85","true"
"Baladin-Nora.33_1","8032942293921","Baladin Nora","Baladin","Baladin","Blond Bier","3.49","0.00","EUR","https://www.beerwulf.com/nl-be/p/bieren/baladin-nora.33","https://www.beerwulf.com/globalassets/baladin-nora.33_1_0.png?w=100&h=100","https://www.beerwulf.com/globalassets/baladin-nora.33_1_0.png?w=400&h=400","414","Bijzonder oranjekleurig bier met Kamut, een oeroud graan, en gember en mirre. De kruidigheid heeft de hoofdrol.","26,85","true"
"Sapporo-Premium-Beer.33_1","5011046008368","Sapporo Premium Beer","Sapporo Breweries","Sapporo","Lager Bier","2.79","0.00","EUR","https://www.beerwulf.com/nl-be/p/bieren/sapporo-premium-beer.33","https://www.beerwulf.com/globalassets/sapporo-premium-beer.33_1_1.png?w=100&h=100","https://www.beerwulf.com/globalassets/sapporo-premium-beer.33_1_1.png?w=400&h=400","414","Een smaakvolle Lager met een mooi balans. Zachte zoete tonen uit de mout en een vleugje bitterheid in de nasmaak. Een fijne dorstlesser.","26,85","true"
"Tsingtao.33_1","6901035601030","Tsingtao","Tsingtao Brewery","Tsingtao brewery","Lager Bier","1.57","0.00","EUR","https://www.beerwulf.com/nl-be/p/bieren/tsingtao.33","https://www.beerwulf.com/globalassets/catalog/beerwulf/beers/tsingtao.png?w=100&h=100","https://www.beerwulf.com/globalassets/catalog/beerwulf/beers/tsingtao.png?w=400&h=400","414","Bleekgele kleur, helder met een witte schuimkraag. Mooi balans tussen moutige aroma’s en het lichte hopkarakter. Een zachte, vriendelijke doordrinker.","26,85","true"
"Asahi-Super-Dry.33_1","8008440249227","Asahi Super Dry","Asahi Breweries","Asahi","Lager Bier","2.15","0.00","EUR","https://www.beerwulf.com/nl-be/p/bieren/asahi-super-dry.33","https://www.beerwulf.com/globalassets/asahi-super-dry.33_1_02.png?w=100&h=100","https://www.beerwulf.com/globalassets/asahi-super-dry.33_1_02.png?w=400&h=400","414","Crispy light lager met een verfrissende smaak en behoorlijk wat koolzuur. Licht zoet aroma van de mout. Een subtiel bier voor vele momenten. Droge, moutige afdronk.","26,85","true"
"Weihenstephan-Hefe-Weizen.5_1","4105120033948","Weihenstephan Hefe Weizen","Bayerische Staatsbrauerei Weihenstephan","Weihenstephan","Weizenbier","2.49","0.00","EUR","https://www.beerwulf.com/nl-be/p/bieren/weihenstephan-hefe-weizen-5","https://www.beerwulf.com/globalassets/catalog/beerwulf/beers/weihenstephaner---hefe-weissbier_opt.png?w=100&h=100","https://www.beerwulf.com/globalassets/catalog/beerwulf/beers/weihenstephaner---hefe-weissbier_opt.png?w=400&h=400","414","Dit bier is de moeder van alle Weizen-bieren, afkomstig uit de oudste brouwerij ter wereld. Volle fruitige aroma’s van banaan en een verfrissende afdronk maken dit bier wereldwijd geliefd.","26,85","true"
"Bellevaux-Black.33_1","5425037350006","Bellevaux Black","Brasserie de Bellevaux","Bellevaux","Stout & Porter","3.09","0.00","EUR","https://www.beerwulf.com/nl-be/p/bieren/bellevaux-black.33","https://www.beerwulf.com/globalassets/bellevaux-black.33_1_1.png?w=100&h=100","https://www.beerwulf.com/globalassets/bellevaux-black.33_1_1.png?w=400&h=400","414","Donker bier met geroosterde tonen van chocolade en koffie. Daarbij licht fruitige tonen van gedroogd fruit en pruim. Beschaafde bitterheid zonder scherpe randjes.","26,85","true"
"Uberquell-Lieblings-Imperial-Lager33_1","4260549520100","Uberquell Lieblings Imperial Lager","ÜberQuell","Uberquell","Pilsner & Hoppy Lager","2.33","0.00","EUR","https://www.beerwulf.com/nl-be/p/bieren/uberquell-lieblings-imperial-lager33","https://www.beerwulf.com/globalassets/uberquell-lieblings-imperial-lager33_1_1.png?w=100&h=100","https://www.beerwulf.com/globalassets/uberquell-lieblings-imperial-lager33_1_1.png?w=400&h=400","414","Een Lager met een hoppig karakter. Fruitig, met wat hars-achtige aroma's en een bitterzoete afdronk.","26,85","true"
"Ninkasi-Blanche.33_1","3760029980093","Ninkasi Blanche","Ninkasi Fabriques","Ninkasi","Witbier","2.69","0.00","EUR","https://www.beerwulf.com/nl-be/p/bieren/ninkasi-blanche.33","https://www.beerwulf.com/globalassets/ninkasi-blanche.33_1_1.png?w=100&h=100","https://www.beerwulf.com/globalassets/ninkasi-blanche.33_1_1.png?w=400&h=400","414","Verfrissend Witbier met grapefruit-achtige aroma's. Nauwelijkss bitterheid, erg dorstlessend.","26,85","true"
"Brlo-Naked.33_1","4260402630588","Brlo Naked","BRLO","Brlo","Pale Ale","2.49","0.00","EUR","https://www.beerwulf.com/nl-be/p/bieren/brlo-naked.33","https://www.beerwulf.com/globalassets/brlo-naked.33_1_02.png?w=100&h=100","https://www.beerwulf.com/globalassets/brlo-naked.33_1_02.png?w=400&h=400","414","Zeer smaakvol alcoholvrij bier. Het begin is zoetig met tonen van tropisch fruit, citrus en honing. De afdronk is bitter, die het geheel in balans brengt.","26,85","true"
"Texels-Tripel.3_1","8717903630037","Texels Tripel","Texelse Bierbrouwerij","Texels","Tripel Bier","2.79","0.00","EUR","https://www.beerwulf.com/nl-be/p/bieren/texels-tripel.3","https://www.beerwulf.com/globalassets/texels-tripel.3_1_1.png?w=100&h=100","https://www.beerwulf.com/globalassets/texels-tripel.3_1_1.png?w=400&h=400","414","Klassieke Tripel, blond van kleur met een licht zoetje en een karaktervolle hopbitterheid.","26,85","true"
"Texels-Goudkoppe.3_1","8717903630013","Texels Goudkoppe","Texelse Bierbrouwerij","Texels","Blond Bier","2.59","0.00","EUR","https://www.beerwulf.com/nl-be/p/bieren/texels-goudkoppe.3","https://www.beerwulf.com/globalassets/texels-goudkoppe.3_1_1.png?w=100&h=100","https://www.beerwulf.com/globalassets/texels-goudkoppe.3_1_1.png?w=400&h=400","414","Blond bier gebrouwen volgens het Duitse Reinheitsgebot. Vol van smaak, veel fruitige aroma's.","26,85","true"
"Ardwen-Blonde.33_1","3760134960010","Ardwen Blonde","Ardwen","Ardwen","Blond Bier","2.59","0.00","EUR","https://www.beerwulf.com/nl-be/p/bieren/ardwen-blonde.33","https://www.beerwulf.com/globalassets/ardwen-blonde.33_1_1.png?w=100&h=100","https://www.beerwulf.com/globalassets/ardwen-blonde.33_1_1.png?w=400&h=400","414","Dit blonde bier heeft een gistige smaak. Het is zoet, zacht en fruitig. In de aroma kan je een hint van aardbei ontdekken.","26,85","true"
"Hoppebrau-Wuidsau.33_1","4260449220049","Hoppebrau Wuidsau","Hoppebräu","Hoppebrau","Amber & Red Ale","2.89","0.00","EUR","https://www.beerwulf.com/nl-be/p/bieren/hoppebrau-wuidsau.33","https://www.beerwulf.com/globalassets/hoppebrau-wuidsau.33_1_1.png?w=100&h=100","https://www.beerwulf.com/globalassets/hoppebrau-wuidsau.33_1_1.png?w=400&h=400","414","Amberkleurig met witte schuimkraag. Fruitige aroma's van tropisch fruit en citrusfruit. Licht, zoet en kruidig met een prima bitterheid.","26,85","true"
"Hoppebrau-Helles.5_1","4260449220124","Hoppebrau Helles","Hoppebräu","Hoppebrau","Lager Bier","2.49","0.00","EUR","https://www.beerwulf.com/nl-be/p/bieren/hoppebrau-helles.5","https://www.beerwulf.com/globalassets/hoppebrau-helles.5_1_1.png?w=100&h=100","https://www.beerwulf.com/globalassets/hoppebrau-helles.5_1_1.png?w=400&h=400","414","Verfrissend clean bier met licht moutige en kruidige tonen.","26,85","true"
"Hoppebrau-Fuchsteufelswuid.33_1","4260449220056","Hoppebrau Fuchsteufelswuid","Hoppebräu","Hoppebrau","IPA","3.09","0.00","EUR","https://www.beerwulf.com/nl-be/p/bieren/hoppebrau-fuchsteufelswuid.33","https://www.beerwulf.com/globalassets/hoppebrau-fuchsteufelswuid.33_1_1.png?w=100&h=100","https://www.beerwulf.com/globalassets/hoppebrau-fuchsteufelswuid.33_1_1.png?w=400&h=400","414","Stevige Double IPA met veel tonen van zoet, tropisch fruit. Daarnaast ook een kruidige en moutige touch en uiteraard een beste bak met bitterheid.","26,85","true"
"Hoppebrau-Vogelwuid.33_1","4260449220025","Hoppebrau Vogelwuid","Hoppebräu","Hoppebrau","IPA","2.99","0.00","EUR","https://www.beerwulf.com/nl-be/p/bieren/hoppebrau-vogelwuid.33","https://www.beerwulf.com/globalassets/hoppebrau-vogelwuid.33_1_1.png?w=100&h=100","https://www.beerwulf.com/globalassets/hoppebrau-vogelwuid.33_1_1.png?w=400&h=400","414","Fruitige IPA met veel citrusfruit en een milde moutbasis. Karaktervol, fruitig met een ronde bittere nasmaak.","26,85","true"
"Hoppebrau-Weissbier.5_1","4260449220148","Hoppebrau Weissbier","Hoppebräu","Hoppebrau","Weizenbier","1.87","0.00","EUR","https://www.beerwulf.com/nl-be/p/bieren/hoppebrau-weissbier.5","https://www.beerwulf.com/globalassets/hoppebrau-weissbier.5_1_1.png?w=100&h=100","https://www.beerwulf.com/globalassets/hoppebrau-weissbier.5_1_1.png?w=400&h=400","414","Verfrissende Weizen met een mooie balans tussen fruitige en kruidige aroma’s. Volle, frisse en fruitige dorstlesser.","26,85","true"
"Rock-City-Brewing-Koene-Ridder.33_1","8717953155702","Rock City Brewing Koene Ridder","Rock City Beers","Rock city beers","Tripel Bier","2.89","0.00","EUR","https://www.beerwulf.com/nl-be/p/bieren/rock-city-Brewing-koene-ridder.33","https://www.beerwulf.com/globalassets/rock-city-brewing-koene-ridder.33_1_1.png?w=100&h=100","https://www.beerwulf.com/globalassets/rock-city-brewing-koene-ridder.33_1_1.png?w=400&h=400","414","Een stevige Tripel met sterke moutige aroma’s en een medium bitterheid. Wat dit bier spannend maakt is de combinatie van koriander en zoethout.","26,85","true"
"Brasserie-De-Sutter-Brin-de-Folie.33_1","3770004616220","Brasserie De Sutter Brin de Folie","Brasserie de Sutter","Brasserie de sutter","Blond Bier","2.69","0.00","EUR","https://www.beerwulf.com/nl-be/p/bieren/brasserie-de-sutter-brin-de-folie.33","https://www.beerwulf.com/globalassets/brasserie-de-sutter-brin-de-folie.33_1_0.png?w=100&h=100","https://www.beerwulf.com/globalassets/brasserie-de-sutter-brin-de-folie.33_1_0.png?w=400&h=400","414","Het aroma van dit blonde bier is zacht en lichtkruidig. In de geur herken je honing. Het is zacht en aangenaam.","26,85","true"
"Herkenrode-Noctis33_1","5413699101234","Herkenrode Noctis","Brouwerij Cornelissen","Herkenrode noctis","Dubbel Bier","2.49","0.00","EUR","https://www.beerwulf.com/nl-be/p/bieren/herkenrode-noctis33","https://www.beerwulf.com/globalassets/herkenrode-noctis33_1_02.png?w=100&h=100","https://www.beerwulf.com/globalassets/herkenrode-noctis33_1_02.png?w=400&h=400","414","Koperkleurige abdijbier met veel zoete tonen van de gebrande mout. Een licht kruidige, licht bittere afdronk.","26,85","true"
"Stanislaus-Brewskovitch-All-Black.33_1","3803127331418","Stanislaus Brewskovitch All Black","Stanislaus Brewskovitch","Stanislaus brewskovitch","Stout & Porter","3.29","0.00","EUR","https://www.beerwulf.com/nl-be/p/bieren/stanislaus-brewskovitch-all-black.33","https://www.beerwulf.com/globalassets/stanislaus-brewskovitch-all-black.33_1_1.png?w=100&h=100","https://www.beerwulf.com/globalassets/stanislaus-brewskovitch-all-black.33_1_1.png?w=400&h=400","414","Pikzwart bier, geinspireerd op de All Blacks, het Nieuwzeelandse rugbyteam. Intense aroma's van koffie, chooclade en een imx van bitterheid uit de hop en gebrande moutsoorten.","26,85","true"
"Ardwen-Ambree.33_1","3760134960027","Ardwen Ambrée","Ardwen","Ardwen","Amber & Red Ale","2.69","0.00","EUR","https://www.beerwulf.com/nl-be/p/bieren/ardwen-ambree.33","https://www.beerwulf.com/globalassets/ardwen-ambree.33_1_1.png?w=100&h=100","https://www.beerwulf.com/globalassets/ardwen-ambree.33_1_1.png?w=400&h=400","414","Zoetige amber met moutige karamel met een klein, interessant, rokerig hintje. In de korte afdronk iets appelfruit.","26,85","true"
"Ardwen-Cerise.33_1","3760134960041","Ardwen Cerise","Ardwen","Ardwen","Fruitbier","2.69","0.00","EUR","https://www.beerwulf.com/nl-be/p/bieren/ardwen-cerise.33","https://www.beerwulf.com/globalassets/ardwen-cerise.33_1_1.png?w=100&h=100","https://www.beerwulf.com/globalassets/ardwen-cerise.33_1_1.png?w=400&h=400","414","","26,85","true"
"Ardwen-Woinic-Rouge.33_1","3760134960386","Ardwen Woinic Rouge","Ardwen","Ardwen","Fruitbier","2.99","0.00","EUR","https://www.beerwulf.com/nl-be/p/bieren/ardwen-woinic-rouge.33","https://www.beerwulf.com/globalassets/ardwen-woinic-rouge.33_1_02.png?w=100&h=100","https://www.beerwulf.com/globalassets/ardwen-woinic-rouge.33_1_02.png?w=400&h=400","414","Donkerrood bier met duidelijke aroma's van gesuikerde kersen en vlierbloesem. Het bier is behoorlijk zoet door de overgebleven restsuikers. Daarachter zit een klein zuurtje","26,85","true"
"And-Union-NEU-BLK.33_1","6009900366258","And Union Thursday Dark Lager","And Union","And union","Lager Bier","2.39","0.00","EUR","https://www.beerwulf.com/nl-be/p/bieren/and-union-neu-blk.33","https://www.beerwulf.com/globalassets/and-union-neu-blk.33_1_0.png?w=100&h=100","https://www.beerwulf.com/globalassets/and-union-neu-blk.33_1_0.png?w=400&h=400","414","Donker bier met een opvallende doordrinkbaarheid. Tonen van geroosterde mout, chocolade en van donker fruit zoals pruimen.","26,85","true"
"La-Rouget-Blanche-des-Plateaux.33_1","3573470007024","La Rouget Blanche des Plateaux","Brasserie La Rouget de Lisle","La rouget","Saison Bier","2.79","0.00","EUR","https://www.beerwulf.com/nl-be/p/bieren/la-rouget-blanche-des-plateaux.33","https://www.beerwulf.com/globalassets/catalog/beerwulf/beers/la-rouget---blanche-des-plateaux.png?w=100&h=100","https://www.beerwulf.com/globalassets/catalog/beerwulf/beers/la-rouget---blanche-des-plateaux.png?w=400&h=400","414","Verfrissend witbier met veel bloemige aroma’s. Frisse, dorstlessende finish met tonen van limoen.","26,85","true"
"La-Rouget-De-Lisle-La-Marseillaise.33_1","3573470014022","La Rouget De Lisle La Marseillaise","Brasserie La Rouget de Lisle","La rouget de lisle","Saison Bier","2.79","0.00","EUR","https://www.beerwulf.com/nl-be/p/bieren/la-rouget-de-lisle-la-marseillaise.33","https://www.beerwulf.com/globalassets/catalog/beerwulf/beers/la-rouget-de-lisle---la-marseillaise.png?w=100&h=100","https://www.beerwulf.com/globalassets/catalog/beerwulf/beers/la-rouget-de-lisle---la-marseillaise.png?w=400&h=400","414","Verfrissend zomerbier gebrouwen met fruitige tonen en een licht kruidig, medicinaal karakter.","26,85","true"
"La-Trappe-Dubbel33_1","8711406995211","La Trappe Dubbel","Bierbrouwerij De Koningshoeven","La trappe","Dubbel Bier","2.39","0.00","EUR","https://www.beerwulf.com/nl-be/p/bieren/la-trappe-dubbel33","https://www.beerwulf.com/globalassets/la-trappe-dubbel33_1_1.png?w=100&h=100","https://www.beerwulf.com/globalassets/la-trappe-dubbel33_1_1.png?w=400&h=400","414","Veel bekroond Trappistenbier met een geweldige balans. Complexe zoete tonen van mout, bruine suiker en karamel met subtiele tonen van gedroogd fruit en wat kruidigheid.","26,85","true"
"Steamworks-Craft-Lager.33_1","4260423143371","Steamworks Craft Lager","Steamworks Brewing Co.","Steamworks","Pilsner & Hoppy Lager","2.99","0.00","EUR","https://www.beerwulf.com/nl-be/p/bieren/steamworks-craft-lager.33","https://www.beerwulf.com/globalassets/steamworks-craft-lager.33_1_1.png?w=100&h=100","https://www.beerwulf.com/globalassets/steamworks-craft-lager.33_1_1.png?w=400&h=400","414","Knisperende pils, geïnspireerd op de eerste pilsners uit Tsjechië. Fruitige en kruidige tonen uit de hop zijn mooi in balans met de zoetige mout. De afdronk is iets droog en uitnodigend.","26,85","true"
"La-Lager-Sans-Gluten-de-Vezelay.25_1","3760222500500","La Lager Sans Gluten de Vézelay","Brasserie de Vézelay","Brasserie de vézelay","Lager Bier","2.33","0.00","EUR","https://www.beerwulf.com/nl-be/p/bieren/la-lager-sans-gluten-de-vezelay.25","https://www.beerwulf.com/globalassets/la-lager-sans-gluten-de-vezelay.25_1_1.png?w=100&h=100","https://www.beerwulf.com/globalassets/la-lager-sans-gluten-de-vezelay.25_1_1.png?w=400&h=400","414","Glutenvrij blond bier, ondergistend, met een zoete moutige en fruitige aroma’s en een bescheiden bitterheid. Verfrissend.","26,85","true"
"LAmbree-de-Vezelay.5_1","3760222500401","L'Ambrée de Vézelay","Brasserie de Vézelay","Brasserie de vézelay","Amber & Red Ale","4.09","0.00","EUR","https://www.beerwulf.com/nl-be/p/bieren/lambree-de-vezelay.5","https://www.beerwulf.com/globalassets/lambree-de-vezelay.5_1_1.png?w=100&h=100","https://www.beerwulf.com/globalassets/lambree-de-vezelay.5_1_1.png?w=400&h=400","414","Biologisch bier met gekleurde schuimkraag en met een moutig karakter. Zoet, licht fruitig met karamel tonen.","26,85","true"
"La-Brune-de-Vezelay.5_1","3760222500210","La Brune de Vézelay","Brasserie de Vézelay","Brasserie de vézelay","Brown Ale","4.39","0.00","EUR","https://www.beerwulf.com/nl-be/p/bieren/la-brune-de-vezelay.5","https://www.beerwulf.com/globalassets/la-brune-de-vezelay.5_1_1.png?w=100&h=100","https://www.beerwulf.com/globalassets/la-brune-de-vezelay.5_1_1.png?w=400&h=400","414","Donkerbruin bier met veel koolzuur, stevige smaken van geroosterde mout, karamel en toast.","26,85","true"
"La-Blanche-Sans-Gluten-de-Vezelay.25_1","3760222507295","La Blanche Sans Gluten de Vézelay","Brasserie de Vézelay","Brasserie de vézelay","Weizenbier","2.69","0.00","EUR","https://www.beerwulf.com/nl-be/p/bieren/la-blanche-sans-gluten-de-vezelay.25","https://www.beerwulf.com/globalassets/la-blanche-sans-gluten-de-vezelay.25_1_1.png?w=100&h=100","https://www.beerwulf.com/globalassets/la-blanche-sans-gluten-de-vezelay.25_1_1.png?w=400&h=400","414","Verfrissende glutenvrije Weizen met aroma’s van banaan en kruidnagel. Zoet, fris, fruitig, zonder noemenswaardige bitterheid.","26,85","true"
"Brasserie-Des-Cimes-IPA.33_1","3760027050910","Brasserie Des Cimes IPA","Brasserie des Cimes","Brasserie des cimes","IPA","2.87","0.00","EUR","https://www.beerwulf.com/nl-be/p/bieren/brasserie-des-cimes-ipa.33","https://www.beerwulf.com/globalassets/brasserie-des-cimes-ipa.33_1_1.png?w=100&h=100","https://www.beerwulf.com/globalassets/brasserie-des-cimes-ipa.33_1_1.png?w=400&h=400","414","Dit geel-rode bier heeft een hoppig en iets wat muffig hopgeur. Het bier tintelt fijn in de mond. De smaak is hoppig en de nasmaak is lichtbitter en zoet.","26,85","true"
"La-Cristal-IPA-du-Mont-Blanc.33_1","3760023250628","La Cristal IPA du Mont Blanc","Brasserie Du Mont Blanc","Brasserie du mont blanc","IPA","2.79","0.00","EUR","https://www.beerwulf.com/nl-be/p/bieren/la-cristal-ipa-du-mont-blanc.33","https://www.beerwulf.com/globalassets/la-cristal-ipa-du-mont-blanc.33_1_1.png?w=100&h=100","https://www.beerwulf.com/globalassets/la-cristal-ipa-du-mont-blanc.33_1_1.png?w=400&h=400","414","Een lichte, kristalheldere IPA gebrouwen met water van de Franse Mont Blanc. Licht kruidig, bloemig, hoppig en lekker verfrissend!De gluten zijn verwijderd tijdens het brouwproces - iedere batch is getest tot onder 20ppm.","26,85","true"
"Brouwerij-T-Verzet-Moose-Blues.33_1","5425032050215","Brouwerij 'T Verzet Moose Blues","Brouwerij 't Verzet","Brouwerij 't verzet","Brown Ale","1.94","0.00","EUR","https://www.beerwulf.com/nl-be/p/bieren/brouwerij-t-verzet-moose-blues.33","https://www.beerwulf.com/globalassets/brouwerij-t-verzet-moose-blues.33_1_0.png?w=100&h=100","https://www.beerwulf.com/globalassets/brouwerij-t-verzet-moose-blues.33_1_0.png?w=400&h=400","414","De heldere en donkere bier ruikt een beetje gistig en vooral naar karamel. De geur doet je een klein beetje denken aan een huis waar appeltaart in de oven staat. De nasmaak is zoet, karamel, zacht en lang","26,85","true"
"Brouwerij-T-Verzet-Super-NoAH.33_1","5425032050314","Brouwerij 'T Verzet Super Noah","Brouwerij 't Verzet","Brouwerij 't verzet","Blond Bier","2.49","0.00","EUR","https://www.beerwulf.com/nl-be/p/bieren/brouwerij-t-verzet-super-noah.33","https://www.beerwulf.com/globalassets/brouwerij-t-verzet-super-noah.33_1_0.png?w=100&h=100","https://www.beerwulf.com/globalassets/brouwerij-t-verzet-super-noah.33_1_0.png?w=400&h=400","414","Deze licht kleurig blond heeft een fruitig en gistig aroma. Het bier is lichttroebel en je ruikt en proeft de hops goed, zonder dat het bier erg bitter wordt. De nasmaak is lang en zacht","26,85","true"
"Lowlander-Yuzu--Grapefruit.33_1","8717953278364","Lowlander Yuzu & Grapefruit","Lowlander","Lowlander","Fruitbier","2.79","0.00","EUR","https://www.beerwulf.com/nl-be/p/bieren/lowlander-yuzu--grapefruit.33","https://www.beerwulf.com/globalassets/lowlander-yuzu--grapefruit.33_1_1.png?w=100&h=100","https://www.beerwulf.com/globalassets/lowlander-yuzu--grapefruit.33_1_1.png?w=400&h=400","414","Een fruitig, kruidig en laag alcoholisch bier. Citrus, vooral grapefruit en exotische fruitsmaken, die doen denken aan cactus. Verfrissend en uiterst smaakvol.","26,85","true"
"Brussel-Beer-Project-Babylone.33_1","5411283000062","Brussel Beer Project Babylone","Brussels Beer Project","Brussel beer project","Amber & Red Ale","3.09","0.00","EUR","https://www.beerwulf.com/nl-be/p/bieren/brussel-beer-project-babylone.33","https://www.beerwulf.com/globalassets/brussel-beer-project-babylone.33_1_1.png?w=100&h=100","https://www.beerwulf.com/globalassets/brussel-beer-project-babylone.33_1_1.png?w=400&h=400","414","Amber, oranjekleurig bier met een duidelijk hopkarakter. Stevige bitterheid krijgt tegenwicht van zoete moutige tonen.","26,85","true"
"Wolfscraft-Super-Lager.33_1","4260473460039","Wolfscraft Super Lager","Wolfscraft","Wolfscraft","Pilsner & Hoppy Lager","2.69","0.00","EUR","https://www.beerwulf.com/nl-be/p/bieren/wolfscraft-super-lager.33","https://www.beerwulf.com/globalassets/wolfscraft-super-lager.33_1_1.png?w=100&h=100","https://www.beerwulf.com/globalassets/wolfscraft-super-lager.33_1_1.png?w=400&h=400","414","Gebalanceerde lager met fruitige hoparomas. Body met een gepaste bitterheid en frisse afdronk.","26,85","true"
"Wolfscraft-Das-Helle.33_1","4260473460022","Wolfscraft Das Helle","Wolfscraft","Wolfscraft","Lager Bier","2.69","0.00","EUR","https://www.beerwulf.com/nl-be/p/bieren/wolfscraft-das-helle.33","https://www.beerwulf.com/globalassets/wolfscraft-das-helle.33_1_1.png?w=100&h=100","https://www.beerwulf.com/globalassets/wolfscraft-das-helle.33_1_1.png?w=400&h=400","414","Fris en fruitig bier met een dorstlessende werking. Doordrinkbaar met aromas van citrus en tropische vruchten. De frisse smaak blijft lang hangen.","26,85","true"
"Sol.33_1","0000075001629","Sol","Cervecería Cuauhtémoc Moctezuma","Sol","Lager Bier","1.61","0.00","EUR","https://www.beerwulf.com/nl-be/p/bieren/sol.33","https://www.beerwulf.com/globalassets/sol.33_1_1.png?w=100&h=100","https://www.beerwulf.com/globalassets/sol.33_1_1.png?w=400&h=400","414","Verfrissende Lager met lichte moutaroma’s. Makkelijk doordringbare dorstlesser.","26,85","true"
"Desperados.33_1","3155930006015","Desperados","Desperados","Desperados","Lager Bier","1.79","0.00","EUR","https://www.beerwulf.com/nl-be/p/bieren/desperados.33","https://www.beerwulf.com/globalassets/desperados.33_1_2.png?w=100&h=100","https://www.beerwulf.com/globalassets/desperados.33_1_2.png?w=400&h=400","414","Lager bier verrijkt met tequila. Smaakvol en verfrissend met aroma’s van citroen en limoen.","26,85","true"
"De-Leckere-Resurrection.25_1","8716585005461","De Leckere Resurrection","Brouwerij De Leckere","De leckere","Brown Ale","2.09","0.00","EUR","https://www.beerwulf.com/nl-be/p/bieren/de-leckere-resurrection.25","https://www.beerwulf.com/globalassets/de-leckere-resurrection.25_1_0.png?w=100&h=100","https://www.beerwulf.com/globalassets/de-leckere-resurrection.25_1_0.png?w=400&h=400","414","Rauchbier geïnspireerd op de klassiekers uit Bamberg, zoals de rauchbieren van Schlenkerla, gebrouwen met gerookte mout. De gerookte aroma's (als bacon) zijn duidelijk aanwezig en in balans met een zachte karamel zoetheid. De afdronk is medium bitter en vrij lang.","26,85","true"
"Pietra-Rossa.33_1","3498641301001","Pietra Rossa","Brasserie Pietra","Pietra","Fruitbier","2.51","0.00","EUR","https://www.beerwulf.com/nl-be/p/bieren/pietra-rossa.33","https://www.beerwulf.com/globalassets/pietra-rossa.33_1_1.png?w=100&h=100","https://www.beerwulf.com/globalassets/pietra-rossa.33_1_1.png?w=400&h=400","414","Zoet en fruitig bier met veel rood fruit. Aroma's van frambozen en kersen. Bovenal zoet.","26,85","true"
"Brothers-in-Law-0.5-Hoppy-Lager_2","8719324806800","Brothers In Law 0.5 Hoppy Lager","Brothers In Law","Brothers in law","Pilsner & Hoppy Lager","2.49","0.00","EUR","https://www.beerwulf.com/nl-be/p/bieren/brothers-in-law-0.5-hoppy-lager-12a8b17d","https://www.beerwulf.com/globalassets/brothers-in-law-0.5-hoppy-lager_2_1.png?w=100&h=100","https://www.beerwulf.com/globalassets/brothers-in-law-0.5-hoppy-lager_2_1.png?w=400&h=400","414","Alcohol-arm bier met duideijk hop karakter, de hop stuift echt uit het glas. Fris en niet zo zoet van smaak met een redelijk bittere afdronk. Uitstekende dorstlesser en smaakvol alcoholvrij bier.","26,85","true"
"Het-Nest-Schuppenboer.33_1","5425029490017","Het Nest Schuppenboer","Het Nest","Het nest","Tripel Bier","2.39","0.00","EUR","https://www.beerwulf.com/nl-be/p/bieren/het-nest-schuppenboer.33","https://www.beerwulf.com/globalassets/het-nest-schuppenboer.33_1_1.png?w=100&h=100","https://www.beerwulf.com/globalassets/het-nest-schuppenboer.33_1_1.png?w=400&h=400","414","Een volle fruitige Tripel met een smakelijk kruidige afdronk. Het flinke bittertje en de citrustonen maken het compleet.","26,85","true"
"Braxzz-Porter.33_1","8719326190020","Braxzz Porter","Brouwerij Braxzz","Braxzz","Stout & Porter","2.49","0.00","EUR","https://www.beerwulf.com/nl-be/p/bieren/braxzz-porter.33","https://www.beerwulf.com/globalassets/braxzz-porter.33_1_0.png?w=100&h=100","https://www.beerwulf.com/globalassets/braxzz-porter.33_1_0.png?w=400&h=400","414","Alcoholvrije Porter met een zoet caramel karakter en iets getoaste tonen en een hint drop en rood fruit. De afdronk is redelijk bitter.","26,85","true"
"Boon-Kriek-Mariage-Parfait.38_1","5412783053596","Boon Kriek Mariage Parfait","Brouwerij Boon","Boon","Sour Bier","4.99","0.00","EUR","https://www.beerwulf.com/nl-be/p/bieren/boon-kriek-mariage-parfait.38","https://www.beerwulf.com/globalassets/boon-kriek-mariage-parfait.38_1_0.png?w=100&h=100","https://www.beerwulf.com/globalassets/boon-kriek-mariage-parfait.38_1_0.png?w=400&h=400","414","Volle oude kriek, gerijpt op eikenhouten foeders. Dit bier doet sterk denken aan een rode wijn of port. Fruitig, droog met tonen van hout en uiteraard kersen. De afdronk is droog en niet bitter.","26,85","true"
"Roman-Gentse-Strop.33_1","5412583204709","Roman Gentse Strop","Brouwerij Roman","Roman","Blond Bier","2.39","0.00","EUR","https://www.beerwulf.com/nl-be/p/bieren/roman-gentse-strop.33","https://www.beerwulf.com/globalassets/roman-gentse-strop.33_1_1.png?w=100&h=100","https://www.beerwulf.com/globalassets/roman-gentse-strop.33_1_1.png?w=400&h=400","414","Typisch Belgisch Blond met fruitige aroma's uit de gist en hop, denk aan citrus met een vleugje peer. De smaak is zoetig en kruidig met een mild bittere afdronk.","26,85","true"
"Grisette-Blanche-Bio.25_1","5412138552514","Grisette Blanche Bio","St. Feuillien","St. feuillien","Witbier","1.99","0.00","EUR","https://www.beerwulf.com/nl-be/p/bieren/grisette-blanche-bio.25","https://www.beerwulf.com/globalassets/grisette-blanche-bio.25_1_1.png?w=100&h=100","https://www.beerwulf.com/globalassets/grisette-blanche-bio.25_1_1.png?w=400&h=400","414","Verfrissend biologish witbier. Fruitige tonen met een licht zuurtje. Fijne zomerse dorstlesser.","26,85","true"
"La-Chouffe-Blonde-Dardenne-2L-keg_1","8719638656979","La Chouffe Blonde D'ardenne - SUB Vat","Brasserie d'Achouffe","La chouffe","Blond Bier","17.49","0.00","EUR","https://www.beerwulf.com/nl-be/p/bieren/la-chouffe-blonde-dardenne-2l-fass","https://www.beerwulf.com/globalassets/catalog/beerwulf/beers/torps/with-label/torp_2lkeg_la_chouffe_blond.png?w=100&h=100","https://www.beerwulf.com/globalassets/catalog/beerwulf/beers/torps/with-label/torp_2lkeg_la_chouffe_blond.png?w=400&h=400","414","Goudkleurig bier, licht nevelig met een robuuste schuimkraag. Kruidige geur met veel citrusfruit en koriander. Ook in de smaak veel fris fruit en koriander.","26,85","true"
"Delirium-Tremens-2L-keg_1","8719638657013","Delirium Tremens - SUB Vat","Brouwerij L. Huyghe","Delirium","Blond Bier","16.99","0.00","EUR","https://www.beerwulf.com/nl-be/p/bieren/delirium-tremens-2l-tapvat","https://www.beerwulf.com/globalassets/delirium-tremens-2l-keg_1_02.jpeg?w=100&h=100","https://www.beerwulf.com/globalassets/delirium-tremens-2l-keg_1_02.jpeg?w=400&h=400","414","Goudkleurig, helder met een volle witte schuimkraag. Koolzuurrijk, klassiek Belgisch bier met veel alcohol en met fruitige gist en een zoete afdronk.","26,85","true"
"Wieckse-Witte-2L-Keg_1","8006890626070","Wieckse Witte - SUB Vat","Wieckse","Wieckse","Witbier","7.99","0.00","EUR","https://www.beerwulf.com/nl-be/p/bieren/wieckse-witte-2l-tapvat","https://www.beerwulf.com/globalassets/wieckse-witte-2l-keg_1_1.png?w=100&h=100","https://www.beerwulf.com/globalassets/wieckse-witte-2l-keg_1_1.png?w=400&h=400","414","Citrus en koriander geven dit witbier zijn frisse en zonnige smaak. Het is ‘s werelds eerste door de zon gevoede bier; 3.632 zonnepanelen voorzien de brouwerij van energie. ","26,85","true"
"Pelforth-Blonde---2L-KEG_2","8006890621921","Pelforth Blonde - SUB Vat","Heineken Brewery","Pelforth","Lager Bier","7.99","0.00","EUR","https://www.beerwulf.com/nl-be/p/bieren/pelforth-blonde-2l-tapvat","https://www.beerwulf.com/globalassets/pelforth-blonde---2l-keg_2_02.png?w=100&h=100","https://www.beerwulf.com/globalassets/pelforth-blonde---2l-keg_2_02.png?w=400&h=400","414","Pelforth Blonde is een bier van lage gisting, onveranderd recept sinds z’n creatie in Lille’s Pelican Brouwerij, in 1921. Subtiel van smaak met een fruitige toets en ronde afdronk.","26,85","true"
"Brand-Up-2L-keg_1","8006890626049","Brand Up - SUB Vat","Brand Bierbrouwerij","Brand","Pilsner & Hoppy Lager","7.99","0.00","EUR","https://www.beerwulf.com/nl-be/p/bieren/brand-up-2l-tapvat","https://www.beerwulf.com/globalassets/brand-up-2l-keg_1_1.png?w=100&h=100","https://www.beerwulf.com/globalassets/brand-up-2l-keg_1_1.png?w=400&h=400","414","Moutige aroma’s met een stevige hopbitterheid geven Urtyp de smaak zoals pils ooit bedoeld was. Zachte ronde zoetheid, karaktervolle bitterheid en een frisbittere finish.","26,85","true"
"Tiger-2L-keg_1","8006890626087","Tiger - SUB Vat","Tiger","Tiger","Lager Bier","7.99","0.00","EUR","https://www.beerwulf.com/nl-be/p/bieren/tiger-2l-tapvat","https://www.beerwulf.com/globalassets/tiger-2l-keg_1_0.png?w=100&h=100","https://www.beerwulf.com/globalassets/tiger-2l-keg_1_0.png?w=400&h=400","414","Goudgeel bier met een witte schuimkraag. Moutige aroma’s en een zoete moutige smaak. Koud gedronken een uitstekende dorstlesser.","26,85","true"
"Cruzcampo-Especial-2L-keg_1","8006890684773","Cruzcampo Especial - SUB Vat","Heineken Brewery","Cruzcampo","Lager Bier","6.99","0.00","EUR","https://www.beerwulf.com/nl-be/p/bieren/cruzcampo-especial-2l-tapvat","https://www.beerwulf.com/globalassets/cruzcampo-especial-2l-keg_1_1.png?w=100&h=100","https://www.beerwulf.com/globalassets/cruzcampo-especial-2l-keg_1_1.png?w=400&h=400","414","Iets vollere lager uit Spanje met een verfrissende, soepele smaak. Licht fruitige en bloemige toets vanuit de hop en gist. Lichte van kleur met een gematigde bitterheid.","26,85","true"
"Wild-Beer-Co-Pogo-2L-keg_1","8719638659178","Wild Beer Co Pogo - SUB Vat","Wild Beer Company","Wild beer","Pale Ale","15.99","0.00","EUR","https://www.beerwulf.com/nl-be/p/bieren/wild-beer-co-pogo-2l-tapvat","https://www.beerwulf.com/globalassets/wild-beer-co-pogo-2l-keg_1_1.png?w=100&h=100","https://www.beerwulf.com/globalassets/wild-beer-co-pogo-2l-keg_1_1.png?w=400&h=400","414","Een fruitige Pale Ale met smaken en aroma’s van tropisch fruit, sinaasappel en guave. Een bijzonder zacht en verfrissend bier!","26,85","true"
"BRLO-Helles-2L-keg_1","8719638657044","BRLO Helles - SUB Vat","BRLO","Brlo","Lager Bier","15.99","0.00","EUR","https://www.beerwulf.com/nl-be/p/bieren/brlo-helles-2l-tapvat","https://www.beerwulf.com/globalassets/brlo-helles-2l-keg_1_1.png?w=100&h=100","https://www.beerwulf.com/globalassets/brlo-helles-2l-keg_1_1.png?w=400&h=400","414","Prima starter met fijne moutige aroma’s en een redelijke bitterheid. Frisse goudgele dorstlesser. Goed alternatief voor als je wat anders wilt dan een Pils.","26,85","true"
"Grisette-Triple-Bio.25_1","5412138485010","Grisette Triple Bio","St. Feuillien","St. feuillien","Tripel Bier","2.29","0.00","EUR","https://www.beerwulf.com/nl-be/p/bieren/grisette-triple-bio.25","https://www.beerwulf.com/globalassets/grisette-triple-bio.25_1_1.png?w=100&h=100","https://www.beerwulf.com/globalassets/grisette-triple-bio.25_1_1.png?w=400&h=400","414","Glutenvrije biologische tripel. Goudgeel met een flinke body, mooie zoete fruitige aroma's en een bittere finish.","26,85","true"
"Fagnes-Gold.33_1","5425032451418","Fagnes Gold","Brasserie des Fagnes","Fagnes","Lager Bier","2.49","0.00","EUR","https://www.beerwulf.com/nl-be/p/bieren/fagnes-gold.33","https://www.beerwulf.com/globalassets/fagnes-gold.33_1_1.png?w=100&h=100","https://www.beerwulf.com/globalassets/fagnes-gold.33_1_1.png?w=400&h=400","414","Een goudkleurig bier met een volle schuimkraag met een geweldige balans. Kruidige aroma's worden afgewisseld met zoet fruit, graan en stro-achtige tonen. Medium bitterheid in de zoete afdronk.","26,85","true"
"Brouwerij-t-IJ-Struis-Bio.33_1","8717545260050","Brouwerij 't IJ Struis Bio","Brouwerij 't IJ","Brouwerij 't ij","Barley Wine","2.89","0.00","EUR","https://www.beerwulf.com/nl-be/p/bieren/brouwerij-t-ij-struis-bio.33","https://www.beerwulf.com/globalassets/brouwerij-t-ij-struis-bio.33_1_1.png?w=100&h=100","https://www.beerwulf.com/globalassets/brouwerij-t-ij-struis-bio.33_1_1.png?w=400&h=400","414","Struis is een donkere Engelse stijl barley wine met een lange verwarmende nasmaak. Dit bier zit vol tonen van gedroogd fruit en chocolade.","26,85","true"
"Biere-Des-Sans-Culottes-Historique.33_1","3273190233016","Bière Des Sans-Culottes Historique","Brasserie La Choulette","Bière des sans-culottes","Blond Bier","2.49","0.00","EUR","https://www.beerwulf.com/nl-be/p/bieren/biere-des-sans-culottes-historique.33","https://www.beerwulf.com/globalassets/catalog/beerwulf/beers/blond/biere_des_sans_culottes_blond_artisanale.png?w=100&h=100","https://www.beerwulf.com/globalassets/catalog/beerwulf/beers/blond/biere_des_sans_culottes_blond_artisanale.png?w=400&h=400","414","Goudkleurig bier met een blond karakter. Fris, zoet, licht fruitig met een beetje gist en een licht funky karakter.","26,85","true"
"Beavertown-Lupuloid.33_1","5060386620433","Beavertown Lupuloid","Beavertown Brewery","Beavertown","IPA","2.99","0.00","EUR","https://www.beerwulf.com/nl-be/p/bieren/beavertown-lupuloid.33","https://www.beerwulf.com/globalassets/beavertown-lupuloid.33_1_1.png?w=100&h=100","https://www.beerwulf.com/globalassets/beavertown-lupuloid.33_1_1.png?w=400&h=400","414","","26,85","true"
"Petrus-Aged-Pale.33_1","0875213009009","Petrus Aged Pale","Brouwerij De Brabandere","De brabandere","Sour Bier","2.79","0.00","EUR","https://www.beerwulf.com/nl-be/p/bieren/petrus-aged-pale.33","https://www.beerwulf.com/globalassets/petrus-aged-pale.33_1_1.png?w=100&h=100","https://www.beerwulf.com/globalassets/petrus-aged-pale.33_1_1.png?w=400&h=400","414","Frisse en zachte aroma’s in dit complexe bier. Een krachtig zuurtje zorgt voor een smakelijke wijnachtige beleving en de tonen van hout door de 24 maanden rijping in houten foeders maken het af.","26,85","true"
"Troost-Club-Tropicana.33_1","8718868912657","Troost Club Tropicana","Brouwerij Troost","Troost","Sour Bier","2.87","0.00","EUR","https://www.beerwulf.com/nl-be/p/bieren/troost-club-tropicana.33","https://www.beerwulf.com/globalassets/troost-club-tropicana.33_1_1.png?w=100&h=100","https://www.beerwulf.com/globalassets/troost-club-tropicana.33_1_1.png?w=400&h=400","414","Berliner Weisse gebrouwen met zwarte bessen en passievrucht. De bessen zorgen voor een fel roze kleur. Tropisch-fruitige geur met een zweem rood fruit. Fris zurig van smaak met een droge, niet-bittere afdronk.","26,85","true"
"Budels-White-Gose-Bio.33_1","8712003004566","Budels White Gose Bio ","Budelse Brouwerij","Budels","Sour Bier","1.87","0.00","EUR","https://www.beerwulf.com/nl-be/p/bieren/budels-white-gose-bio.33","https://www.beerwulf.com/globalassets/budels-white-gose-bio.33_1_0.png?w=100&h=100","https://www.beerwulf.com/globalassets/budels-white-gose-bio.33_1_0.png?w=400&h=400","414","Biologisch bleekgeel tarwebier, licht zuur van smaak met accenten van citrusfruit en koriander. Licht van kleur en verfrissend.","26,85","true"
"Van-Moll-Opgebokt_2","8717775907749","Van Moll Opgebokt!","Van Moll","Van moll","Bockbier","2.24","0.00","EUR","https://www.beerwulf.com/nl-be/p/bieren/van-moll-opgebokt-33","https://www.beerwulf.com/globalassets/van-moll-opgebokt_2_1.png?w=100&h=100","https://www.beerwulf.com/globalassets/van-moll-opgebokt_2_1.png?w=400&h=400","414","Donkerkleurige Doppelbock met een fikse gekleurde schuimkraag. Vier verschillende hopsoorten geven een mooie hopbitterheid naast de geroosterde tonen van chocolade, karamel en koffie.","26,85","true"
"Jopen-Gin-Trinitas-Tripel_1","8714799404728","Jopen Gin Trinitas Tripel","Brouwerij Jopenkerk","Jopen","Tripel Bier","2.32","0.00","EUR","https://www.beerwulf.com/nl-be/p/bieren/jopen-gin-trinitas-tripel","https://www.beerwulf.com/globalassets/jopen-gin-trinitas-tripel_1_1.png?w=100&h=100","https://www.beerwulf.com/globalassets/jopen-gin-trinitas-tripel_1_1.png?w=400&h=400","414","Limited edition van de Trinitas Tripel, gelagerd in eikenhouten snippers welke weer in Gin hebben gelegen, gestookt door Jopen zelf. Het resultaat is een stevige tripel met een duidelijke aroma van vanille van de eik, aangevuld met een kruidig aroma van gin. Het zoetige en fruitige basisbier draagt het geheel aan smaken. Een klassieke tripel met een geslaagde twist.","26,85","true"
"Brixton-Low-Voltage-TORP_1","7106618774630","Brixton Low Voltage - SUB Vat","Brixton Brewery","Brixton","IPA","15.99","0.00","EUR","https://www.beerwulf.com/nl-be/p/bieren/brixton-low-voltage-2l-fass","https://www.beerwulf.com/globalassets/brixton-low-voltage-torp_1_0.png?w=100&h=100","https://www.beerwulf.com/globalassets/brixton-low-voltage-torp_1_0.png?w=400&h=400","414","Het perfecte voorbeeld van een IPA: hoppig, licht en smaakvol. Barstensvol aroma’s van tropische vruchten. Een zoete smaak met een lange en bittere afdronk.","26,85","true"
"Melusine-Nonnette_2","3594550003354","Mélusine Nonnette","Brasserie Mélusine","Melusine","Brown Ale","2.59","0.00","EUR","https://www.beerwulf.com/nl-be/p/bieren/melusine-nonnette.33","https://www.beerwulf.com/globalassets/melusine-nonnette_2_1.png?w=100&h=100","https://www.beerwulf.com/globalassets/melusine-nonnette_2_1.png?w=400&h=400","414","Volle, crème-achtige Porter met tonen en aroma’s van koffie en karamel.","26,85","true"
"Lagunitas-Daytime_3","0723830770010","Lagunitas Daytime","Lagunitas Brewing Company","Lagunitas","IPA","2.29","0.00","EUR","https://www.beerwulf.com/nl-be/p/bieren/lagunitas-daytime.36","https://www.beerwulf.com/globalassets/lagunitas-daytime_3_0.png?w=100&h=100","https://www.beerwulf.com/globalassets/lagunitas-daytime_3_0.png?w=400&h=400","414","Deze zeer licht gekleurd session IPA is kruidig. In het aroma ruik je de hoppen. De smaak is kruidig, fris en hoppig. In de late nasmaak proef je een zachte romige smaak.","26,85","true"
"Affligem-Blond-0.0_2","5411098731649","Affligem Blond 0.0%","Affligem Brouwerij","Affligem","Blond Bier","1.59","0.00","EUR","https://www.beerwulf.com/nl-be/p/bieren/affligem-blond-0.0-61e08985","https://www.beerwulf.com/globalassets/affligem-blond-0.0_2_1.png?w=100&h=100","https://www.beerwulf.com/globalassets/affligem-blond-0.0_2_1.png?w=400&h=400","414","Belgisch blond bier met typerende aroma's van abrikoos, peer en een zekere kruidige toets. Vrij zoet van smaak, waarbij het niet plakkerig wordt. De afdronk is mild bitter. Een Belgisch blond, maar dan zonder alcohol.","26,85","true"
"Wilderen-Kriek.33_14697","5420061400833","Wilderen Kriek","Brouwerij Wilderen","Wilderen","Fruitbier","2.51","0.00","EUR","https://www.beerwulf.com/nl-be/p/bieren/wilderen-kriek-bottle.33","https://www.beerwulf.com/globalassets/wilderen-kriek.33_14697_0.png?w=100&h=100","https://www.beerwulf.com/globalassets/wilderen-kriek.33_14697_0.png?w=400&h=400","414","Roodkleur met rose schuimkraag. Gebrouwen met spontane gegiste Lambic, gerijpt op houten foeders. Je proeft de zongerijpte kersen. Drink dit bier wel koud.","26,85","true"
"Fourpure-Deucebox-Double-Citrus-IPACan.44_14872","5060393851301","Fourpure Deucebox Double Citrus IPA","Fourpure","Fourpure","IPA","4.59","0.00","EUR","https://www.beerwulf.com/nl-be/p/bieren/fourpure-deucebox-double-citrus-ipa-can-.44","https://www.beerwulf.com/globalassets/fourpure-deucebox-double-citrus-ipacan.44_14872_1.png?w=100&h=100","https://www.beerwulf.com/globalassets/fourpure-deucebox-double-citrus-ipacan.44_14872_1.png?w=400&h=400","414","Dit is net als de juicebox van Fourpure een IPA gebrouwen met sinaasappels, maar dan met dubbel zoveel mout, hop en sinaasappels. Het is een intens bier met veel citrus fruit, een zoetig mout basis, welke in balans is met de hoppige afdronk.","26,85","true"
"Bierbrouwerij-Breugem-Herfstbock_2","8720153359924","Bierbrouwerij Breugem Herfstbock","Bierbrouwerij Breugem","Breugem","Bockbier","2.69","0.00","EUR","https://www.beerwulf.com/nl-be/p/bieren/bierbrouwerij-breugem-herfstbock-33","https://www.beerwulf.com/globalassets/bierbrouwerij-breugem-herfstbock_2_1.png?w=100&h=100","https://www.beerwulf.com/globalassets/bierbrouwerij-breugem-herfstbock_2_1.png?w=400&h=400","414","Traditionele ondergistende Herfstbock met een vol moutig karakter. De Duitse hopsoorten geven een licht kruidige touch. Vol aroma’s van mout, chocolade en karamel.","26,85","true"
"Ninkasi-Flower-LagerBottle.33_14908","3760029980918","Ninkasi Flower Lager","Ninkasi Fabriques","Ninkasi","Lager Bier","2.79","0.00","EUR","https://www.beerwulf.com/nl-be/p/bieren/ninkasi-flower-lager-bottle-.33","https://www.beerwulf.com/globalassets/ninkasi-flower-lagerbottle.33_14908_0.png?w=100&h=100","https://www.beerwulf.com/globalassets/ninkasi-flower-lagerbottle.33_14908_0.png?w=400&h=400","414","De Ninkasi Session IPA is een goudkleurig bier gebrouwen van Amerikaanse hop.
Het biedt een fruitige neus van exotisch fruit met vleugjes passievrucht. Deze smaken komen terug in de mond, waar de Simcoe-hop verantwoordelijk voor is.
Glacier-hop zorgt voor balans tussen aroma’s en bitterheid.","26,85","true"
"Ename-PaterBottle.33_14920","5412583240370","Ename Pater","Brouwerij Roman","Roman","Blond Bier","2.09","0.00","EUR","https://www.beerwulf.com/nl-be/p/bieren/ename-pater-bottle-.33","https://www.beerwulf.com/globalassets/ename-paterbottle.33_14920_0.png?w=100&h=100","https://www.beerwulf.com/globalassets/ename-paterbottle.33_14920_0.png?w=400&h=400","414","Blond abdijbier met een rijke volle smaak. Rond en zoet met tonen van mout en een vleugje kruidigheid.","26,85","true"
"Brouwerij-Roman-Adriaen-Brouwer-TripelBottle.33_15198","5412583201258","Roman Adriaen Brouwer Tripel","Brouwerij Roman","Roman","Tripel Bier","2.39","0.00","EUR","https://www.beerwulf.com/nl-be/p/bieren/brouwerij-roman-adriaen-brouwer-tripel-bottle-.33","https://www.beerwulf.com/globalassets/brouwerij-roman-adriaen-brouwer-tripelbottle.33_15198_0.png?w=100&h=100","https://www.beerwulf.com/globalassets/brouwerij-roman-adriaen-brouwer-tripelbottle.33_15198_0.png?w=400&h=400","414","Biologische Tripel met fruitige en kruidige aroma’s. Dit krachtige Belgische bier heeft een subtiele hopbitterheid in de afdronk.","26,85","true"
"BM-Signature-#14Bottle.33_15190","3573470230149","BM Signature #14","Brasserie La Rouget de Lisle","La rouget","Witbier","4.69","0.00","EUR","https://www.beerwulf.com/nl-be/p/bieren/bm-signature-14-bottle-.33","https://www.beerwulf.com/globalassets/bm-signature-14bottle.33_15190_0.png?w=100&h=100","https://www.beerwulf.com/globalassets/bm-signature-14bottle.33_15190_0.png?w=400&h=400","414","Een hele verfrissende drooggehopte Imperial Berliner Weiss.","26,85","true"
"Uddelaer-TripelBottle.25_14894","8716685012703","Uddelaer Tripel","Bierbrouwerij De Uddelaer","Uddelaer tripel","Tripel Bier","3.19","0.00","EUR","https://www.beerwulf.com/nl-be/p/bieren/uddelaer-tripel-bottle-.25","https://www.beerwulf.com/globalassets/uddelaer-tripelbottle.25_14894_0.png?w=100&h=100","https://www.beerwulf.com/globalassets/uddelaer-tripelbottle.25_14894_0.png?w=400&h=400","414","Eigentijdse versie van klassieke Tripel, Zacht, rijk van smaak en aroma. Om rustig van te genieten.","26,85","true"
"Blanche-Perle-et-les-7-grainsBottle.33_15235","3760188960226","Blanche Perle et les 7 grains","null","Perle","Witbier","2.89","0.00","EUR","https://www.beerwulf.com/nl-be/p/bieren/blanche-perle-et-les-7-grains-bottle-.33","https://www.beerwulf.com/globalassets/blanche-perle-et-les-7-grainsbottle.33_15235_0.png?w=100&h=100","https://www.beerwulf.com/globalassets/blanche-perle-et-les-7-grainsbottle.33_15235_0.png?w=400&h=400","414","Een romig wit bier met meerdere granen en een dominante granensmaak. Drinkt gemakkelijk weg.","26,85","true"
"Perle-PilsBottle.33_15233","3760188960004","Perle Pils","null","Perle","Pilsner & Hoppy Lager","2.89","0.00","EUR","https://www.beerwulf.com/nl-be/p/bieren/perle-pils-bottle-.33","https://www.beerwulf.com/globalassets/perle-pilsbottle.33_15233_0.png?w=100&h=100","https://www.beerwulf.com/globalassets/perle-pilsbottle.33_15233_0.png?w=400&h=400","414","Een goudkleurig pils met honing en kruidige aroma’s, zoetheid en groene bitterheid op de afdronk. Een droog en verfrissend bier.","26,85","true"
"Troost-Honing-BlondCan.33_15099","8718868912879","Troost Honing Blond","Brouwerij Troost","Troost ","Blond Bier","2.99","0.00","EUR","https://www.beerwulf.com/nl-be/p/bieren/troost-honing-blond-can-.33","https://www.beerwulf.com/globalassets/troost-honing-blondcan.33_15099_1.png?w=100&h=100","https://www.beerwulf.com/globalassets/troost-honing-blondcan.33_15099_1.png?w=400&h=400","414","Een lekker stevig blond bier die gebrouwen is met echte honing. Het is een fijne doordrinker met een zoete smaak van honing en een frisdroge afdronk. Dit bier is ook winnaar van de publieksprijs: het beste bier van Noord-Holland!","26,85","true"
"Brussels-Beer-Project-Pico-BelloCan.33_15216","5430000829137","Brussels Beer Project Pico Bello","Brussels Beer Project","Brussels beer project","IPA","2.49","0.00","EUR","https://www.beerwulf.com/nl-be/p/bieren/brussels-beer-project-pico-bello-can-.33","https://www.beerwulf.com/globalassets/brussels-beer-project-pico-bellocan.33_15216_0.png?w=100&h=100","https://www.beerwulf.com/globalassets/brussels-beer-project-pico-bellocan.33_15216_0.png?w=400&h=400","414","","26,85","true"
"Brussels-Beer-Project-Juice-JunkyCan.33_15218","5430000829106","Brussels Beer Project Juice Junky","Brussels Beer Project","Brussels beer project","IPA","3.09","0.00","EUR","https://www.beerwulf.com/nl-be/p/bieren/brussels-beer-project-juice-junkie-can-.33","https://www.beerwulf.com/globalassets/brussels-beer-project-juice-junkycan.33_15218_0.png?w=100&h=100","https://www.beerwulf.com/globalassets/brussels-beer-project-juice-junkycan.33_15218_0.png?w=400&h=400","414","Sappig & volmondige IPA met aromas van tropisch fruit.","26,85","true"
"Stone-Go-To-IPACan.36_15352","4260451623739","Stone Go To IPA","Stone Brewing Berlin","Stone","IPA","2.69","0.00","EUR","https://www.beerwulf.com/nl-be/p/bieren/stone-go-to-ipa-can","https://www.beerwulf.com/globalassets/stone-go-to-ipacan.36_15352_0.png?w=100&h=100","https://www.beerwulf.com/globalassets/stone-go-to-ipacan.36_15352_0.png?w=400&h=400","414","Aan het eind van het brouwproces wordt er een wagonlading hop toegevoegd. Het resultaat is een woud aan fruitige aroma’s en een stevige bitterheid. Een hop-explosie met maar 4,7% alcohol.","26,85","true"
"Stone-Ripper-Pale-AleCan.36_15357","4260451623777","Stone Ripper Pale Ale","Stone Brewing Berlin","Stone","Pale Ale","2.99","0.00","EUR","https://www.beerwulf.com/nl-be/p/bieren/stone-ripper-pale-ale-can-.36-70229517","https://www.beerwulf.com/globalassets/stone-ripper-pale-alecan.36_15357_0.png?w=100&h=100","https://www.beerwulf.com/globalassets/stone-ripper-pale-alecan.36_15357_0.png?w=400&h=400","414","Oranje kleurige pale ale met sterk hopkarakter. Duidelijke fruitige tonen van voornamelijk tropisch fruit. Mooi in balans met de karameltonen uit de mout.","26,85","true"
"Brasserie-De-Sutter-Folie-DouceBottle.33_15022","3770004616206","Brasserie De Sutter Folie Douce","null","Brasserie de sutter","Pale Ale","2.69","0.00","EUR","https://www.beerwulf.com/nl-be/p/bieren/brasserie-de-sutter-folie-douce-bottle-.33","https://www.beerwulf.com/globalassets/brasserie-de-sutter-folie-doucebottle.33_15022_0.png?w=100&h=100","https://www.beerwulf.com/globalassets/brasserie-de-sutter-folie-doucebottle.33_15022_0.png?w=400&h=400","414","","26,85","true"
"Gallia-WeissbierBottle.33_15446","3700693900300","Gallia Weissbier","Gallia","Gallia","Weizenbier","2.51","0.00","EUR","https://www.beerwulf.com/nl-be/p/bieren/gallia-weissbier-bottle-.33","https://www.beerwulf.com/globalassets/gallia-weissbierbottle.33_15446_0.png?w=100&h=100","https://www.beerwulf.com/globalassets/gallia-weissbierbottle.33_15446_0.png?w=400&h=400","414","Hefeweizen, troebel met een witte schuimkraag. Zoet, verfrissend met tonen van rijp fruit; zoals banaan.","26,85","true"
"Les-3-Croquants-Rouge-de-BuffarotBottle.33_15465","3770008737020","Les 3 Croquants Rouge de Buffarot","Brasserie des 3 Croquants","Les 3 croquants","Amber & Red Ale","2.69","0.00","EUR","https://www.beerwulf.com/nl-be/p/bieren/les-3-croquants-rouge-de-buffarot-bottle-.33","https://www.beerwulf.com/globalassets/les-3-croquants-rouge-de-buffarotbottle.33_15465_0.png?w=100&h=100","https://www.beerwulf.com/globalassets/les-3-croquants-rouge-de-buffarotbottle.33_15465_0.png?w=400&h=400","414","Een hoppige Amber Ale met tonen van karamel en tropisch fruit. Fijn doordrinkbaar met een licht bittertje in de afdronk.","26,85","true"
"Ninkasi-Blonde_Beer_15749","3760029981199","Ninkasi Blonde","Ninkasi Fabriques","Ninkasi","Pilsner & Hoppy Lager","2.69","0.00","EUR","https://www.beerwulf.com/nl-be/p/bieren/ninkasi-blonde-bottle-.33","https://www.beerwulf.com/globalassets/ninkasi-blonde_beer_15749_0.png?w=100&h=100","https://www.beerwulf.com/globalassets/ninkasi-blonde_beer_15749_0.png?w=400&h=400","414","Prijswinnende, crispy Pilsener met een goede balans tussen de zoete moutige tonen en de frisse hoparoma's.","26,85","true"
"Vagabund-Sessionable-Healing---SUB-Keg_Beer_20521","7106618771820","Vagabund Sessionable Healing - SUB Vat","Vagabund Brauerei","Vagabund","IPA","14.99","0.00","EUR","https://www.beerwulf.com/nl-be/p/bieren/vagabund-sessionable-healing-2l-tapvat","https://www.beerwulf.com/globalassets/vagabund-sessionable-healing---sub-keg_beer_20521_0.png?w=100&h=100","https://www.beerwulf.com/globalassets/vagabund-sessionable-healing---sub-keg_beer_20521_0.png?w=400&h=400","414","Deze Session IPA zit vol met fruitige tonen vanuit de hop. Zoete aroma’s van tropisch fruit en verfrissende tonen van citrus fruit. Dit lichte bier heeft een krachtig hopkarakter en een stevige bittere nasmaak die lang blijft hangen.","26,85","true"
"Camba-Marzen---SUB-Keg_Beer_21370","7106618768882","Camba Märzen - SUB Vat","Camba Bavaria","Camba","Lager Bier","15.49","0.00","EUR","https://www.beerwulf.com/nl-be/p/bieren/camba-marzen-2l-tapvat","https://www.beerwulf.com/globalassets/camba-marzen---sub-keg_beer_21370_04.png?w=100&h=100","https://www.beerwulf.com/globalassets/camba-marzen---sub-keg_beer_21370_04.png?w=400&h=400","414","Koperkleurige Märzen: traditioneel gebrouwen in maart, om voornamelijk te nuttigen tijdens het Oktoberfest, maar nu het gehele jaar verkrijgbaar. Ondergistend bier, moutig van karakter met karamel tonen. Zoetig van smaak met een mild-bittere afdronk. Ongefilterd, wat bijdraagt aan een zacht mondgevoel.","26,85","true"
"Gallia-West-IPA---SUB-Keg_Beer_22277","7106618770823","Gallia West IPA - SUB Vat","Gallia","Gallia","IPA","16.49","0.00","EUR","https://www.beerwulf.com/nl-be/p/bieren/gallia-west-ipa-2l-tapvat","https://www.beerwulf.com/globalassets/gallia-west-ipa---sub-keg_beer_22277_03.png?w=100&h=100","https://www.beerwulf.com/globalassets/gallia-west-ipa---sub-keg_beer_22277_03.png?w=400&h=400","414","Frisse en doordrinkbare West Coast IPA. Veel fruitige aromas van steenfruit, zoals perzik. Zeer soepele bitterheid in de finish.","26,85","true"
"Birra-Ichnusa-voordeelverpakking_1","8006890024272","Birra Ichnusa voordeelverpakking","null","Beerwulf","Pack","38.99","0.00","EUR","https://www.beerwulf.com/nl-be/p/bierpakketten/birra-ichnusa-vordeelverpakking","https://www.beerwulf.com/globalassets/4.-products/packs/ichnusa_anima_sarda_value_pack_web.png?w=100&h=100","https://www.beerwulf.com/globalassets/4.-products/packs/ichnusa_anima_sarda_value_pack_web.png?w=400&h=400","414","","0,00","true"
"Brouwerij-t-IJ-IJwit-voordeelverpakking_1","8717545260180","Brouwerij 't IJ IJwit Voordeelverpakking","null","Beerwulf","Pack","49.99","64.56","EUR","https://www.beerwulf.com/nl-be/p/bierpakketten/brouwerij-t-ij-ijwit-voordeelverpakking","https://www.beerwulf.com/globalassets/catalog/beerwulf/beers/value-packs/brouwerij_t_ij_ijwit_box.png?w=100&h=100","https://www.beerwulf.com/globalassets/catalog/beerwulf/beers/value-packs/brouwerij_t_ij_ijwit_box.png?w=400&h=400","414","","0,00","true"
"Lagunitas-A-Little-Sumpin-Sumpin-voordeelverpakking_1","0723830800212","Lagunitas A Little Sumpin Sumpin voordeelverpakking","null","Beerwulf","Pack","59.99","71.99","EUR","https://www.beerwulf.com/nl-be/p/bierpakketten/lagunitas-a-little-sumpin-sumpin-voordeelverpakking","https://www.beerwulf.com/globalassets/lagunitas-a-little-sumpin-sumpin-voordeelverpakking_1_0.png?w=100&h=100","https://www.beerwulf.com/globalassets/lagunitas-a-little-sumpin-sumpin-voordeelverpakking_1_0.png?w=400&h=400","414","Nu je favoriete bier in een voordeelverpakking!
Deze Pale Ale is een makkelijk doordrinkbaar, goud geel bier met een smaak die lekker lang blijf hangen. De denachtige, grassige en kruidige hoptonen zijn een fijne aanvulling op de zoete tonen van de mout. Een bijzonder voorbeeld van de zogenaamde ""Westcoast Pale Ale'. ","0,00","true"
"Sol-voordeelverpakking_1","7501049936440","Sol voordeelverpakking","null","Beerwulf","Pack","36.99","40.99","EUR","https://www.beerwulf.com/nl-be/p/bierpakketten/sol-voordeelverpakking","https://www.beerwulf.com/globalassets/catalog/beerwulf/beers/value-packs/sol_box.png?w=100&h=100","https://www.beerwulf.com/globalassets/catalog/beerwulf/beers/value-packs/sol_box.png?w=400&h=400","414","Nu je favoriete bier in een voordeelverpakking!
Verfrissende Lager met lichte moutaroma’s. Makkelijk doordringbare dorstlesser.","0,00","true"
"Lagunitas-Daytime-Value-Pack_1","8720165440115","Lagunitas Daytime Voordeelverpakking ","null","Beerwulf","Pack","45.99","54.99","EUR","https://www.beerwulf.com/nl-be/p/bierpakketten/lagunitas-daytime-voordeelverpakking-","https://www.beerwulf.com/globalassets/4.-products/packs/lagunitas_day_time_value_pack_3.png?w=100&h=100","https://www.beerwulf.com/globalassets/4.-products/packs/lagunitas_day_time_value_pack_3.png?w=400&h=400","414","Nu je favoriete bier in een voordeelverpakking!
Deze zeer licht gekleurd session IPA is kruidig. In het aroma ruik je de hoppen. De smaak is kruidig, fris en hoppig. In de late nasmaak proef je een zachte romige smaak.","0,00","true"
"The-SUB-Compact-Black--4-Heineken_1","8720165440221","The SUB Compact Heineken Startpakket","null","Beerwulf","Pack","99.00","155.00","EUR","https://www.beerwulf.com/nl-be/p/bierpakketten/thesubcompactblack-4-heineken","https://www.beerwulf.com/globalassets/the-sub-compact-black--4-heineken_1_0.png?w=100&h=100","https://www.beerwulf.com/globalassets/the-sub-compact-black--4-heineken_1_0.png?w=400&h=400","414","Dit pakket bevat :

The SUB Compact Black
4 Heineken 2L tapvaten
","0,00","true"
"Belgian-Beer-Style-Pack-V2_1","","Belgisch Bierpakket","null","Beerwulf","Pack","34.99","0.00","EUR","https://www.beerwulf.com/nl-be/p/bierpakketten/belgisch-bieren","https://www.beerwulf.com/globalassets/belgian-beer-style-pack-v2_1_0.png?w=100&h=100","https://www.beerwulf.com/globalassets/belgian-beer-style-pack-v2_1_0.png?w=400&h=400","414","Liefhebber van Belgische bieren? Dan is dit jouw bierpakket! In dit pakket vind je 16 klassieke Belgische blonde en tripel bieren. Proef de unieke smaak en kwaliteit van België!","0,00","true"
"SMaSH-Hops-Beer-Case_1","","SMaSH Bierpakket","null","Beerwulf","Pack","40.99","0.00","EUR","https://www.beerwulf.com/nl-be/p/bierpakketten/smash-bierpakket","https://www.beerwulf.com/globalassets/smash-hops-beer-case_1_02.png?w=100&h=100","https://www.beerwulf.com/globalassets/smash-hops-beer-case_1_02.png?w=400&h=400","414","Single Malt and Single Hop: dit is SMaSH! Het Hollands Hophuis heeft zes Nederlandse brouwers uitgedaagd bier te brouwen met &eacute;&eacute;n soort mout en &eacute;&eacute;n soort hop. Bij deze unieke bieren staan deze ingredi&euml;nten dus volledig in de spotlights, zodat je echt het verschil in smaken en aroma&rsquo;s kunt ontdekken. In dit pakket zitten twee exemplaren van elk bier (dus 12 bieren in totaal), perfect om te delen of een proeverij te organiseren.","0,00","true"
"12-Popular-Beer-Case-Aug-2020_1","","12 Populaire Bieren Pakket ","null","Beerwulf","Pack","25.99","0.00","EUR","https://www.beerwulf.com/nl-be/p/bierpakketten/12-populaire-bierenpakket","https://www.beerwulf.com/globalassets/12-popular-beer-case-aug-2020_1_0.png?w=100&h=100","https://www.beerwulf.com/globalassets/12-popular-beer-case-aug-2020_1_0.png?w=400&h=400","414","Dit zijn d&eacute; 12 bieren van dit moment! Ontdek nu onze meest populaire en toegankelijke speciaalbieren, die bij iedereen in de smaak zullen vallen! ","0,00","true"
"IPA-Pack-NLFRBE-Final-V2_Pack_22197","","IPA Bierpakket","null","Beerwulf","Pack","39.99","0.00","EUR","https://www.beerwulf.com/nl-be/p/bierpakketten/ipa-bierpakket","https://www.beerwulf.com/globalassets/ipa-pack-nlfrbe-final-v2_pack_22197_0.png?w=100&h=100","https://www.beerwulf.com/globalassets/ipa-pack-nlfrbe-final-v2_pack_22197_0.png?w=400&h=400","414","Ben jij een echte hophead? Dan is het vernieuwde IPA Bierpakket iets voor jou! Of het nu gaat om een toegankelijke Session of een fruitige New England, al deze bieren hebben &eacute;&eacute;n ding gemeen: een flink hoppig karakter. Ontdek de veelzijdigheid van de India Pale Ale met deze 16 heerlijke IPA&rsquo;s.","0,00","true"
"THE-SUB-Grey-Edition_2","3045386377305","The SUB Classic Grijs","null","Beerwulf","Biertaps","109.00","169.00","EUR","https://www.beerwulf.com/nl-be/p/biertaps/the-sub-grey-edition","https://www.beerwulf.com/nl-be/SysSiteAssets/appliances/the-sub/sub-colour/thesub_grey_hero.png?w=100&h=100","https://www.beerwulf.com/nl-be/SysSiteAssets/appliances/the-sub/sub-colour/thesub_grey_hero.png?w=400&h=400","414","The SUB Classic Grijs thuistap is een tapsysteem met een opslag van max 2 liter en zorgt op stijlvolle wijze voor heerlijk gekoelde, thuisgetapte bier. De binnenkant is compact van vorm en heeft een gelakt omhulsel.","26,85","true"
"THE-SUB-Red-Metallic-EU-2L_1","3045380016200","The SUB Classic Metallic Rood","null","Beerwulf","Biertaps","109.00","169.00","EUR","https://www.beerwulf.com/nl-be/p/biertaps/the-sub-metallic-red","https://www.beerwulf.com/globalassets/the-sub-red-metallic-eu-2l_1_03.png?w=100&h=100","https://www.beerwulf.com/globalassets/the-sub-red-metallic-eu-2l_1_03.png?w=400&h=400","414","De dieprode kleur met een gespikkelde metalen glossy afwerking van The SUB Classic Metallic Rood voegt een vleugje kleur aan je huiskamer toe en het apparaat is ideaal voor liefhebbers van een versgetapt glas bier. Kies jouw favoriete bieren uit het aanbod van SUB Vaten, plaats ze in het apparaat waar ze worden gekoeld tot 2 graden en geniet van heerlijk zelfgetapt bier op het comfort van je eigen bank.","26,85","true"
"THE-SUB-Rouge-Edition_2","3045386371518","The SUB Classic Rood","null","Beerwulf","Biertaps","109.00","169.00","EUR","https://www.beerwulf.com/nl-be/p/biertaps/the-sub-rouge-edition","https://www.beerwulf.com/globalassets/the-sub-rouge-edition_2_02.png?w=100&h=100","https://www.beerwulf.com/globalassets/the-sub-rouge-edition_2_02.png?w=400&h=400","414","Code Rood: dankzij het prachtige rood gelakte omhulsel is The SUB Classic Rood een schitterende stijlvolle toevoeging aan jouw keuken. Tap thuis in stijl het perfecte bier.","26,85","true"
"SUB-Compact-Black-EU---2L_1","3045386379088","The SUB Compact Zwart","null","Beerwulf","Biertaps","89.00","129.00","EUR","https://www.beerwulf.com/nl-be/p/biertaps/the-sub-compact-black-edition","https://www.beerwulf.com/globalassets/sub-compact-black-eu---2l_1_0.png?w=100&h=100","https://www.beerwulf.com/globalassets/sub-compact-black-eu---2l_1_0.png?w=400&h=400","414","THE SUB Compact verschilt van andere SUB modellen door zijn kleinere formaat. Alle SUB vaten passen er echter gewoon in. Het heeft dezelfde unieke koeltechnologie waarmee je iedere keer weer van het perfect getapte bier geniet.","26,85","true"
"THE-SUB-Compact-Red-EU-2L_1","3045380015968","The SUB Compact Rood","null","Beerwulf","Biertaps","89.00","129.00","EUR","https://www.beerwulf.com/nl-be/p/biertaps/the-sub-compact-red-uk---2l","https://www.beerwulf.com/globalassets/the-sub-compact-red-eu-2l_1_0.png?w=100&h=100","https://www.beerwulf.com/globalassets/the-sub-compact-red-eu-2l_1_0.png?w=400&h=400","414","The SUB Compact laat je genieten van het perfecte glas bier, met de stijl en maat die past in elke huiskamer. Je tapt al je favoriete bieren met dit prachtige kleine apparaatje, dat in stijl zorgt voor een perfect gekoeld glas bier. De opvallende rode kleur en matte afwerking voegt een vleugje kleur toe aan je huiskamer.","26,85","true"
